clip_index,block_id,sentence_id,weight,register,narration,phenomenon,setting,words,variants,still_cost,air,move,motion
1,1,s01,hero,wonder,There is a single ancient book most Bibles do not carry -,"{codex} a single ancient bound book alone in one hard shaft of pale light against deep shadow, tight low hero angle, monumental and massive, no stand, no window",codex,10,4,0.32,,,
2,1,s01,connective,wonder,"a book the whole ancient world once knew, and lived by.","{antediluvian} a vast ancient civilization of dark-stone towers under an immense sky, extreme wide, bright parting cloud, tiny distant figures below",antediluvian,9,2,0.16,,,
3,1,s02,connective,curiosity,"Its pages are written in Geez, the ancient tongue of the Ethiopian highlands -","{highland} a bright cliff-top monastery in the Ethiopian highlands, warm stone against vast blue sky and green peaks, wide, tiny figures on the stair",highland,10,2,0.16,,,
4,1,s02,connective,curiosity,"kept alive by hand, in that high place, for a thousand years.","{highland} tiny robed figures climbing a vast rock-hewn monastery stair, extreme wide, hard clean highland light, immense scale",highland,8,2,0.16,,,
5,1,s03,connective,wonder,The name the book carries is that of a single man - Enoch -,"{antediluvian} a lone distant figure on a high ridge under a huge bright sky, vast wide, pale light, tiny beneath the clouds",antediluvian,7,2,0.16,,,
6,1,s03,connective,wonder,"the man Genesis says walked with God, and then was gone.","{antediluvian} the lone figure stepping into a blinding break of light on the ridge, wide, brilliant backlight, silhouette dissolving into brightness",antediluvian,11,2,0.16,,,
7,1,s04,connective,tension,"For centuries after, the rest of the world let it vanish -","{antediluvian} the ancient towers half-swallowed by drifting dust and time, wide, cold blue light against warm stone, emptying land",antediluvian,11,2,0.16,,,
8,1,s04,connective,tension,"buried, forgotten, and quietly cut from the canon we still carry now.","{antediluvian} the last light leaving a vast abandoned plain, extreme wide, cold fading blue, one tiny figure walking away",antediluvian,9,2,0.16,,,
9,1,s05,hero,wonder,"Only one distant church, high on its cliff, kept it breathing -","{highland} a single bright monastery blazing on a high cliff at dawn, vast wide, warm gold light breaking over the highlands, immense scale",highland,7,4,0.32,,,
10,1,s05,connective,wonder,"the Ethiopian Orthodox Church, who call it scripture to this day.","{highland} a robed figure raising the bound book in bright open highland light, medium, warm sun, vast sky behind",highland,10,2,0.16,,,
11,1,s06,connective,curiosity,And here - like a storm on the horizon - the story turns strange -,"{antediluvian} a dark storm-front rolling toward the ancient world, wide, cold blue light against warm ground, heavy air",antediluvian,7,2,0.16,,,
12,1,s06,connective,curiosity,because the New Testament itself reaches back and quotes it anyway.,"{antediluvian} one hard shaft of light striking a single dark tower among many, medium wide, high contrast, cold-blue and warm",antediluvian,7,2,0.16,,,
13,1,s07,connective,tension,"In one short New Testament letter, Jude borrows a line from Enoch -","{antediluvian} the ancient world stretching to a far dark horizon, extreme wide, pale cold light on the distance",antediluvian,11,2,0.16,,,
14,1,s07,connective,tension,"and never once pauses to explain himself, as if none was needed.","{antediluvian} a great assembly-place of dark stone standing empty under a bright hard sky, wide, clean light, no people",antediluvian,7,2,0.16,,,
15,1,s08,connective,wonder,So the early church knew this book from the beginning -,"{highland} a great carved-rock church interior, bright shafts through high openings onto bare stone, wide, no furniture, no scrolls",highland,8,2,0.16,,,
16,1,s08,connective,wonder,knew it well enough to weave its words in their own.,"{antediluvian} robed figures tiny before a vast rock-hewn facade, extreme wide, hard clean light, immense scale",antediluvian,11,2,0.16,,,
17,1,s09,hero,curiosity,And it leaves one towering question standing over everything that follows -,"{antediluvian} one lone figure dwarfed beneath colossal dark architecture, low angle, a single bright shaft from above",antediluvian,7,4,0.32,,,
18,1,s09,connective,curiosity,why was a book this trusted ever buried and left in the dark?,"{codex} the same book now lying in deep shadow, one thin cold blade of light across it, low hero angle, monumental and abandoned, no stand",codex,8,2,0.16,,,
19,1,s10,connective,curiosity,Look closely at the sixth chapter of the book of Genesis -,"{antediluvian} the ancient world under a vast troubled sky, wide, hard bright light breaking through cloud",antediluvian,8,2,0.16,,,
20,1,s10,connective,tension,and you find the wound this book was written to close.,"{antediluvian} the sky over the ancient plain darkening at one edge, wide, bright ground and cold sky, something coming",antediluvian,11,2,0.16,,,
21,1,s11,hero,awe,"The sons of God, the text says, came down and took wives -","{antediluvian} enormous distant figures descending toward tiny mud-brick dwellings, vast wide, pale light breaking through cloud, humans small below",antediluvian,9,4,0.32,,,
22,1,s11,connective,awe,and giants were born to them - the mighty men of renown.,"{antediluvian} giant silhouettes moving among low houses, wide low angle, hard backlight, tiny people at the frame base",antediluvian,10,2,0.16,,,
23,1,s12,connective,tension,"And then, right in the middle of the story, Genesis simply stops -","{antediluvian} the giant figures trailing off into distant haze, wide, the plain emptying, bright hard light",antediluvian,7,2,0.16,,,
24,1,s12,connective,tension,as if you were somehow meant to already know the rest.,"{antediluvian} a vast empty stretch of the ancient world, extreme wide, one tiny figure looking off, bright clean light",antediluvian,10,2,0.16,,,
25,1,s13,connective,wonder,The book of Enoch is where the rest was finally written down -,"{antediluvian} the ancient world seen whole under an enormous sky, extreme wide, brilliant parting cloud",antediluvian,9,2,0.16,,,
26,1,s13,connective,wonder,the whole account that Genesis only brushes past in a single verse.,"{antediluvian} one lone figure dwarfed beneath colossal ancient architecture, low angle, bright shaft",antediluvian,9,2,0.16,,,
27,1,s14,hero,awe,It opens up an entire lost world from before the flood -,"{antediluvian} a vast ancient world of dark-stone towers under a huge sky, extreme wide, bright parting cloud, a lone figure far below",antediluvian,9,4,0.32,,,
28,1,s14,connective,awe,"a vast and ancient world, already tilting toward something truly terrible.","{antediluvian} a storm gathering over the ancient plain, wide, cold blue light breaking against warm ground, heavy air",antediluvian,7,2,0.16,,,
29,1,s15,hero,awe,And the old text says the ruin did not stop there -,"{antediluvian} ruin spreading across the land, high wide aerial, hard shafts stabbing through dark cloud",antediluvian,11,4,0.32,,,
30,1,s15,connective,tension,"not with the giants, and not even on the dry land.","{antediluvian} the land running out to a bright far shoreline, wide, pale cold light on distant water",antediluvian,10,2,0.16,,,
31,1,s16,connective,curiosity,It reached the beasts of the field and the birds of the air -,"{antediluvian} a restless herd and wheeling birds under a bright hard sky, medium wide, unsettled air",antediluvian,7,2,0.16,,,
32,1,s16,connective,tension,"the things that creep upon the ground, and the things that swim below.","{deep} a dark churning sea surface, low water-level angle, cold blue glow rising from far below",deep,9,2,0.16,,,
33,1,s17,hero,tension,"Hold on tightly to that very last one, just for now -","{deep} a vast shape moving beneath black water, wide, thin unearthly cold-blue light outlining it, no clear form",deep,7,4,0.32,,,
34,1,s17,hero,tension,the things that swim - because almost no one ever tells it.,"{deep} the deep ocean lit from far under, extreme wide looking down, cold-blue radiance in fathomless dark",deep,11,4,0.32,,,
35,1,s18,connective,wonder,"For now, simply hold on to what this book opens up -","{antediluvian} the ancient world under a brightening sky, wide, warm light returning to the plain",antediluvian,9,2,0.16,,,
36,1,s18,connective,wonder,because the book of Enoch does not begin at all where you expect.,"{antediluvian} an unexpected turn of dark cliffs rising from the plain, wide, bright light on the rock",antediluvian,8,2,0.16,,,
37,1,s19,connective,awe,"It does not begin with the flood, or with any water at all -","{antediluvian} the ancient world long before any water, vast wide, bright clear light, a tiny distant figure",antediluvian,8,2,0.16,,,
38,1,s19,connective,awe,and it does not begin inside any city built by men.,"{antediluvian} open wild land with no city anywhere, extreme wide, hard clean light, empty horizon",antediluvian,10,2,0.16,,,
39,1,s20,hero,lean-forward,The account begins high up on a cold and distant mountain -,"{hermon} the highest snow mountain rising over the ancient border, vast wide, cold pale light on the peak, deep sky",hermon,8,4,0.32,,,
40,1,s20,hero,lean-forward,"where, the book says, two hundred of them once came down.","{hermon} distant figures descending onto the far summit, wide low angle, hard shaft breaking on the snow, tiny against the mountain",hermon,10,4,0.32,,,
1,2,s21,hero,awe,Two hundred of them stood ranged across the high snow summit -,"{hermon} two hundred colossal figures ranged across the high snow summit, extreme wide, hard pale light, immense scale, tiny against the peak",hermon,9,4,0.32,,,
2,2,s21,connective,awe,the old book calls them the Watchers - vast and winged and terrible.,"{descent} one colossal winged figure filling the frame against torn bright cloud, low hero angle, hard shadow, massive weight",descent,5,2,0.16,,,
3,2,s22,connective,curiosity,They were not sent down - they chose to come down themselves.,"{descent} colossal figures breaking downward through bright cloud toward the snow, wide crane view, brilliant backlight, tiny summit below",descent,10,2,0.16,,,
4,2,s22,connective,tension,"And before they moved at all, they gathered and made a pact.","{hermon} the ranged figures drawn into a vast circle on the summit, high wide, hard light, long shadows on snow",hermon,8,2,0.16,,,
5,2,s23,hero,tension,"An oath, the old text says - one binding each of them to all -","{hermon} the great circle of figures locked together on the peak, low angle looking up, hard shaft splitting the group, immense",hermon,12,4,0.32,,,
6,2,s23,connective,tension,so that not a single one of them could ever turn back.,"{hermon} a single figure at the circle's edge, half-turned toward escape, tight, cold pale light, no way out behind",hermon,10,2,0.16,,,
7,2,s24,connective,wonder,"They swore it upon the cold mountain itself, beneath the open sky -","{hermon} the snow summit under a vast splitting sky, extreme wide, one hard light-shaft striking the peak, deep indigo above",hermon,8,2,0.16,,,
8,2,s24,connective,wonder,and the mountain still carries the very name of that oath.,"{hermon} the peak's pale rock catching hard low light, medium wide, long shadow, weight of ancient stone",hermon,10,2,0.16,,,
9,2,s25,hero,awe,This is Hermon - the highest peak of the entire old border -,"{hermon} the whole snow mountain rising over the ancient Levant, extreme wide aerial, brilliant light on the peak, vast deep sky",hermon,12,4,0.32,,,
10,2,s25,connective,awe,"snow-crowned, and watching over the whole warm land far below.","{hermon} the mountain towering over a tiny distant valley, vast wide, cold pale light above, warm land far beneath",hermon,7,2,0.16,,,
11,2,s26,connective,curiosity,"From its slopes, a single river runs the length of scripture -","{hermon} bright meltwater falling from the snow slopes toward a far valley, wide, hard clean light on white water",hermon,11,2,0.16,,,
12,2,s26,connective,tension,"and here, the text says, the corruption first entered the world.","{hermon} one dark hard shadow spreading down from the summit onto bright snow, wide, high contrast, cold and bright",hermon,10,2,0.16,,,
13,2,s27,hero,awe,"They came down and took human wives, the account says -","{antediluvian} colossal figures descending toward tiny mud-brick dwellings on the plain, vast wide, pale light through cloud, humans small below",antediluvian,8,4,0.32,,,
14,2,s27,connective,awe,and taught them things that were never meant for the earth.,"{antediluvian} a colossal figure bent over a tiny bright settlement, low angle, hard backlight, immense against small houses",antediluvian,9,2,0.16,,,
15,2,s28,connective,tension,"Metal and blade and forge-fire, the old book plainly says -","{antediluvian} hard firelight flaring across a dark ancient forge-yard, medium, bright orange against deep shadow, sparks in the air",antediluvian,8,2,0.16,,,
16,2,s28,connective,tension,and secrets the sky above was never supposed to give them.,"{antediluvian} a bright unnatural glow spreading over a dark ancient city, high wide, cold-blue light against warm ground",antediluvian,9,2,0.16,,,
17,2,s29,hero,awe,"And from those forbidden unions, the first giants were born -","{antediluvian} an enormous silhouetted figure rising over low houses at dawn, low hero angle, brilliant backlight, tiny people below",antediluvian,9,4,0.32,,,
18,2,s29,connective,awe,"the mighty men of renown, the old account calls them.","{antediluvian} colossal warriors striding across the ancient plain, wide low angle, hard light, dust rising, tiny figures fleeing",antediluvian,8,2,0.16,,,
19,2,s30,connective,tension,They grew beyond anything the whole earth could ever feed -,"{antediluvian} giants towering over emptied grain-fields, extreme wide, bright hard light, the land stripped bare below",antediluvian,9,2,0.16,,,
20,2,s30,connective,tension,"and when the food ran out at last, they turned on it.","{antediluvian} a giant silhouette over a fleeing crowd, wide low angle, hard backlight, dust and panic, tiny humans",antediluvian,10,2,0.16,,,
21,2,s31,hero,awe,And so the whole world tilted down into open violence -,"{antediluvian} the ancient world burning at its edges under a vast dark sky, extreme wide aerial, hard shafts through smoke",antediluvian,7,4,0.32,,,
22,2,s31,connective,tension,and that is exactly the word the book of Genesis reaches for next.,"{antediluvian} a single tiny figure standing before the vast burning plain, high angle, dwarfed, bright fire against cold sky",antediluvian,7,2,0.16,,,
23,2,s32,connective,curiosity,"And the ruin, the book insists, did not stay on land -","{antediluvian} the burning world running out to a dark distant coast, extreme wide, bright fire, cold pale sea beyond",antediluvian,12,2,0.16,,,
24,2,s32,connective,tension,"it reached the beasts, the birds, and the deep sea itself.","{deep} a dark churning sea under a troubled sky, low water-level angle, cold-blue glow rising from far below",deep,8,2,0.16,,,
25,2,s33,hero,wonder,Now hold on to the question the account never once answers -,"{hermon} the summit circle seen again from high above, wide, hard light, long shadows, the oath still holding",hermon,9,4,0.32,,,
26,2,s33,connective,curiosity,the giants were all sons - the mighty men of renown.,"{antediluvian} colossal male warriors ranged across the plain, wide low angle, hard light, immense and dominant",antediluvian,9,2,0.16,,,
27,2,s34,hero,lean-forward,"But if the sons were born, then daughters were born too -","{antediluvian} a vast plain under a huge bright sky, one small distant figure at the edge, extreme wide, question in the emptiness",antediluvian,10,4,0.32,,,
28,2,s34,connective,tension,and yet the old texts spend almost no words on them.,"{antediluvian} the bright plain fading to a shadowed far edge, wide, warm light giving way to cold distance",antediluvian,10,2,0.16,,,
29,2,s35,connective,curiosity,"Genesis names only the warriors, the mighty and the powerful -","{antediluvian} towering male silhouettes filling the frame, low angle, hard backlight, dominant and immense",antediluvian,7,2,0.16,,,
30,2,s35,connective,tension,and it lets the daughters slip quietly out of the story.,"{antediluvian} a small distant figure turning away toward dark water, extreme wide, cold pale light, almost gone from frame",antediluvian,9,2,0.16,,,
31,2,s36,hero,lean-forward,So what became of them - the daughters lost to the water?,"{deep} the dark sea surface under a vast empty sky, extreme wide, cold-blue glow far below, immense and unanswered",deep,5,4,0.32,,,
32,2,s36,connective,tension,If the sons among them became the giants of the land -,"{antediluvian} colossal warriors on the bright plain one last time, wide low angle, hard light, receding",antediluvian,9,2,0.16,,,
33,2,s37,hero,tension,"what, then, did the daughters become down in the water?","{deep} a vast shape suggested beneath black water, wide, thin cold-blue light outlining it, no clear form",deep,8,4,0.32,,,
34,2,s37,connective,tension,Hold on to that thread - it runs the whole world through.,"{deep} the deep ocean lit from far under, extreme wide looking down, cold-blue radiance in fathomless dark",deep,10,2,0.16,,,
35,2,s38,connective,wonder,"Because the flood, when at last it came, judged the land -","{antediluvian} vast bright water rising over the ancient plain, extreme wide aerial, hard light on floodwater, towers going under",antediluvian,10,2,0.16,,,
36,2,s38,connective,tension,everything that breathed the air and walked upon it was swept away.,"{antediluvian} the last dark towers vanishing under bright rising water, wide, hard clean light, the plain erased",antediluvian,9,2,0.16,,,
37,2,s39,hero,wonder,But water does not drown what already lives within the water -,"{deep} the deep sea untouched and calm beneath the surface chaos, wide, cold-blue radiance, the depths unbroken",deep,11,4,0.32,,,
38,2,s39,connective,tension,the sea was never threatened - the sea was its own home.,"{deep} the vast fathomless deep opening downward, extreme wide looking down, immense cold-blue glow, no bottom",deep,11,2,0.16,,,
39,2,s40,hero,lean-forward,And every ocean on the earth remembers something of her -,"{deep} a single vast shape moving far below toward the light, wide, cold-blue outline, immense and unrevealed",deep,8,4,0.32,,,
40,2,s40,hero,lean-forward,"the same single woman, remembered in a hundred different tongues.","{deep} the suggestion of a colossal figure rising from the fathomless dark toward the surface, wide low angle, cold-blue light, monumental, no clear face",deep,8,4,0.32,,,
1,3,s41,hero,wonder,Every ocean on the whole earth remembers the very same woman -,"{witness} a colossal woman-figure rising from bright open sea at golden hour, extreme wide, warm hard light, monumental, tiny boats far below",witness,9,4,0.32,,,
2,3,s41,connective,curiosity,and no one alive can agree on how that ever happened.,"{deep} a lone ancient fishing boat with one small figure adrift in the near foreground, the vast bright sea stretching past them to the horizon, wide, hard clean light, foreground boat against immense water",deep,8,2,0.16,,,
3,3,s42,connective,tension,"Distant peoples who never met, over oceans they could not cross -","{deep} two distant bright coasts across a vast sea, extreme wide aerial, hard light, immense separating water",deep,10,2,0.16,,,
4,3,s42,connective,tension,each drew the very same figure rising out of the water.,"{witness} the same monumental figure seen from a bright far shore, wide, warm hard light, statuesque against the sea",witness,8,2,0.16,,,
5,3,s43,hero,wonder,"To know what she is, go back before the flood -","{antediluvian} the vast pre-flood world under a huge bright sky, extreme wide, brilliant parting cloud, tiny distant figures",antediluvian,11,4,0.32,,,
6,3,s43,connective,wonder,to the ruin the old book says had spread everywhere.,"{antediluvian} the ancient world tilting under a vast troubled sky, wide, hard light against gathering dark, heavy air",antediluvian,9,2,0.16,,,
7,3,s44,hero,tension,"The corruption, Enoch says, did not stay in the bloodline -","{antediluvian} a dark unnatural stain spreading across the bright ancient plain, high wide aerial, hard shafts through cloud",antediluvian,11,4,0.32,,,
8,3,s44,connective,tension,"it reached the beasts, the birds, the things that creep -","{antediluvian} a restless herd and wheeling birds under a hard bright sky, medium wide, unsettled air, high contrast",antediluvian,11,2,0.16,,,
9,3,s45,hero,tension,and the account adds three short words most retellings skip -,"{deep} the dark churning sea surface under a bright troubled sky, low water-level angle, cold-blue glow far below",deep,10,4,0.32,,,
10,3,s45,connective,tension,"the things, the account says, that swim in the black water.","{deep} a vast shape moving beneath black water, wide, thin cold-blue light outlining it, no clear form",deep,4,2,0.16,,,
11,3,s46,connective,curiosity,"Then the flood came at last, just as the book says -","{antediluvian} bright water rising over the ancient plain, extreme wide aerial, hard light on floodwater, towers going under",antediluvian,8,2,0.16,,,
12,3,s46,connective,tension,and swept the whole land clean of all that walked it.,"{antediluvian} the last dark towers vanishing under bright rising water, wide, hard clean light, the plain erased",antediluvian,9,2,0.16,,,
13,3,s47,hero,wonder,But a flood judges the land - it never judges the deep -,"{deep} a drowned sailor's pale hand and forearm drifting in the near foreground, the calm fathomless deep falling away below, medium, cold-blue radiance, foreground body against the depths",deep,11,4,0.32,,,
14,3,s47,connective,wonder,the sea does not drown what already lives in it.,"{deep} the vast deep opening downward with no bottom, extreme wide looking down, immense cold-blue glow",deep,10,2,0.16,,,
15,3,s48,hero,tension,So the old book leaves a gap it never closes -,"{deep} a single vast shape far below moving toward the light, wide, cold-blue outline, immense and unrevealed",deep,11,4,0.32,,,
16,3,s48,connective,tension,"a corruption in the water, and a judgment that missed it.","{deep} the deep sea lit from far under, extreme wide looking down, cold-blue radiance in fathomless dark",deep,11,2,0.16,,,
17,3,s49,hero,lean-forward,"And in that open gap, the lost daughters at last return -","{witness} a monumental woman-figure emerging from bright water, low hero angle, warm hard light, statuesque, modestly draped",witness,8,4,0.32,,,
18,3,s49,connective,curiosity,the very ones the old account had let slip quietly away.,"{witness} the same figure half-turned toward the sea, wide, bright golden light, immense against the water",witness,7,2,0.16,,,
19,3,s50,hero,wonder,Because the sons of the Watchers became giants of the land -,"{antediluvian} colossal male warriors on the bright plain, wide low angle, hard light, dominant and immense",antediluvian,9,4,0.32,,,
20,3,s50,connective,lean-forward,"and something, the old legends say, rose up in the water.","{witness} a colossal figure rising from the deep toward a bright surface, wide low angle, cold-blue below and warm above, monumental",witness,9,2,0.16,,,
21,3,s51,hero,awe,Begin with the very oldest of them all - the Greek sirens -,"{relief} a bright carved-stone relief of a winged bird-woman over a ship, hard clean sunlight raking the stone, sharp detail, no murk",relief,9,4,0.32,,,
22,3,s51,connective,curiosity,and throw out entirely the picture that the movies gave you.,"{relief} the same relief in bright museum light, medium, hard even light, weathered carved bird-woman, sharp grain",relief,9,2,0.16,,,
23,3,s52,connective,wonder,The earliest sirens of all had no fish tail at all -,"{relief} an archaic vase-painting of a bird-bodied woman with wings and talons, bright hard light, close detail, ancient clay",relief,10,2,0.16,,,
24,3,s52,connective,wonder,they were women with the wings and talons of a bird.,"{relief} the bird-woman relief in full, wide, hard bright light, wings and talons carved sharp, weathered stone",relief,11,2,0.16,,,
25,3,s53,hero,tension,One thing alone never changed across the long thousand years -,"{witness} a monumental winged siren figure on a bright sea-cliff, low hero angle, hard clean light, immense over crashing water",witness,9,4,0.32,,,
26,3,s53,connective,tension,"not the shape of her at all, but always the voice.","{witness} the same figure with mouth open in song over the bright sea, medium, hard light, statuesque, wind-swept cloth",witness,8,2,0.16,,,
27,3,s54,hero,awe,Homer himself wrote it plainly - the song was a weapon -,"{witness} the siren figure over a tiny distant ship on bright water, extreme wide, hard light, monumental against the sea",witness,11,4,0.32,,,
28,3,s54,connective,tension,and every last sailor who heard it lost all his will.,"{deep} a tiny ship turning toward bright rocks on open sea, extreme wide, hard light, dwarfed and doomed",deep,9,2,0.16,,,
29,3,s55,connective,tension,They steered straight for the music until the hull broke apart -,"{deep} a small ship shattering on bright sea-rocks, wide, hard clean light, spray and wreck, tiny figures",deep,10,2,0.16,,,
30,3,s55,connective,curiosity,"a fatal beauty that ended down in the water, every time.","{deep} bright wreckage drifting on open sea, high wide, hard light, empty water, one broken mast",deep,9,2,0.16,,,
31,3,s56,hero,wonder,Then cross the entire world to the coast of West Africa -,"{witness} a monumental river-goddess figure at bright golden hour on a wide river, low hero angle, warm hard light, draped in shell, statuesque",witness,8,4,0.32,,,
32,3,s56,connective,wonder,where she is called Mami Wata - the very mother of water.,"{witness} the same figure over a bright wide river mouth, wide, warm golden light, immense and still, modestly draped",witness,9,2,0.16,,,
33,3,s57,connective,tension,"Beautiful, the old traditions say - and yet never once safe -","{witness} the river-goddess half-risen from bright water, medium, warm hard light, statuesque, watchful, draped",witness,9,2,0.16,,,
34,3,s57,connective,tension,she draws men down into a world not their own.,"{deep} a bright river surface closing over sinking light, high angle, warm-to-cold water, ripples spreading, no body shown",deep,10,2,0.16,,,
35,3,s58,hero,curiosity,"And her cult, even now, is truly no small thing -","{witness} the river-goddess figure towering over a tiny bright riverside gathering, extreme wide, warm hard light, monumental",witness,8,4,0.32,,,
36,3,s58,connective,wonder,"it runs across a whole continent, and even crossed the sea.","{witness} the same figure seen from a distant bright shore across water, extreme wide, warm light, immense over the river",witness,9,2,0.16,,,
37,3,s59,hero,tension,"Two separate peoples, two far oceans, one impossible woman between them -","{witness} two monumental water-figures on two bright far coasts, extreme wide, hard clean light, immense and mirrored",witness,8,4,0.32,,,
38,3,s59,connective,curiosity,"and the pattern, as we will see, has only just begun.","{deep} the vast open sea running to a bright horizon, extreme wide, hard light, immense and waiting",deep,9,2,0.16,,,
39,3,s60,hero,lean-forward,How does the whole wide world keep the very same memory?,"{witness} a colossal woman-figure rising from bright sea toward the light, wide low angle, monumental, warm-and-cold, no clear face",witness,9,4,0.32,,,
40,3,s60,hero,lean-forward,"The answer, it turns out, runs straight back to that mountain.","{hermon} the snow summit under a vast bright sky, extreme wide, hard light on the peak, the oath still holding above the sea",hermon,8,4,0.32,,,
1,4,s61,hero,wonder,"She is not only Greek, and not only African at all -","{witness} a monumental woman-figure rising from bright open sea, extreme wide, hard clean light, statuesque, tiny boats far below",witness,10,4,0.32,,,
2,4,s61,connective,curiosity,the exact same figure waits on almost every map we have.,"{deep} an ancient ship's prow and a lone lookout figure cutting the near-left foreground, the vast bright sea running past to the horizon, wide, hard clean light, foreground prow against immense water",deep,8,2,0.16,,,
3,4,s62,hero,wonder,Go now to Mesopotamia - the ancient cradle of the world itself -,"{antediluvian} a vast ancient river-city of dark stone under a huge bright sky, extreme wide, hard light, tiny figures below",antediluvian,8,4,0.32,,,
4,4,s62,connective,tension,the very ground where the book of Genesis begins its story.,"{antediluvian} two great rivers meeting below an ancient city, high wide aerial, bright hard light, immense land",antediluvian,8,2,0.16,,,
5,4,s63,connective,curiosity,The Babylonians carved her image deep into their ancient walls -,"{relief} a bright carved-stone wall of a fish-tailed woman, hard clean sunlight raking the stone, sharp detail, no murk",relief,8,2,0.16,,,
6,4,s63,connective,wonder,"half a woman and half a fish, from before the flood.","{relief} the fish-woman carving in full, wide, hard bright light, weathered stone, sharp grain",relief,8,2,0.16,,,
7,4,s64,hero,awe,A being they called Oannes rose up out of the sea -,"{witness} a monumental fish-bodied man-figure rising from bright water before an ancient city, low hero angle, hard light, statuesque",witness,10,4,0.32,,,
8,4,s64,connective,tension,and taught all mankind knowledge it was never meant to have.,"{relief} a bright relief of a fish-robed figure teaching a seated king, hard sunlight, sharp carved detail, no murk",relief,8,2,0.16,,,
9,4,s65,hero,awe,And the echo here is simply impossible to miss at all -,"{relief} carved fish-robed priests ranged along a bright temple wall, wide, hard raking light, immense stone, sharp detail",relief,8,4,0.32,,,
10,4,s65,connective,tension,for Enoch says the Watchers taught humankind the very same things.,"{hermon} the snow summit under a vast bright sky, extreme wide, hard shaft on the peak, the oath above the world",hermon,9,2,0.16,,,
11,4,s66,hero,awe,"The very oldest mermaid of them all was, in fact, Syrian -","{witness} a colossal goddess-figure with a fish tail in a bright bronze temple arch, low hero angle, hard sunlight, monumental, modestly draped, carved reliefs around her",witness,8,4,0.32,,,
12,4,s66,connective,wonder,a full goddess carved in stone and given real worship there.,"{witness} the same goddess-figure from a bright far angle, wide, hard clean light, statuesque against pale stone",witness,8,2,0.16,,,
13,4,s67,connective,curiosity,This is not the edge of the map inventing a tale -,"{relief} a vast bright wall of ancient carvings, wide, hard raking sunlight, immense stone, sharp weathered detail",relief,12,2,0.16,,,
14,4,s67,connective,tension,it is the very heart and center of the biblical world.,"{antediluvian} the ancient heartland stretching under a huge bright sky, extreme wide aerial, hard clean light",antediluvian,9,2,0.16,,,
15,4,s68,hero,wonder,"And past all reason at all, the pattern just keeps spreading -","{deep} a vast bright ocean between two distant coasts, extreme wide aerial, hard light, immense separating water",deep,9,4,0.32,,,
16,4,s68,connective,curiosity,out to far peoples who had never heard the name Homer.,"{deep} a lone bright far shore across open sea, extreme wide, hard clean light, tiny and distant",deep,7,2,0.16,,,
17,4,s69,hero,wonder,"Far in the Amazon, they know her as the Iara -","{witness} a monumental river-goddess figure at bright golden hour on a wide green river, low hero angle, warm hard light, statuesque, draped",witness,8,4,0.32,,,
18,4,s69,connective,tension,"the mother of the water, whose song draws men down.","{deep} a bright river surface closing over sinking light, high angle, warm-to-cold water, ripples, no body shown",deep,9,2,0.16,,,
19,4,s70,connective,curiosity,"In the cold Slavic rivers, they know her as the Rusalka -","{witness} a monumental pale water-figure rising from a bright reed-lined river, medium, hard clean light, statuesque, draped",witness,7,2,0.16,,,
20,4,s70,connective,tension,"a woman of deadly, luring beauty, waiting there in the water.","{deep} bright still river water under hard light, wide, cold-blue and luminous, one spreading ripple",deep,8,2,0.16,,,
21,4,s71,connective,curiosity,"In far Japan, they tell of the Ningyo - a fish-woman -","{witness} a monumental fish-woman figure over a bright coastal bay, wide, hard clean light, statuesque, draped, distant fishing boats",witness,8,2,0.16,,,
22,4,s71,connective,wonder,"and first written of there, in Japan, a thousand years ago.","{relief} an ancient bright ink-scroll image of a fish-woman on aged silk, hard even light, sharp brushwork, no murk",relief,6,2,0.16,,,
23,4,s72,hero,awe,"On the cold, wet coasts of Ireland, there is the Selkie -","{coast} a monumental woman-figure on bright wet sea-rocks above white surf, low hero angle, hard clean daylight, luminous, immense",coast,9,4,0.32,,,
24,4,s72,connective,wonder,who sheds her grey sealskin and walks ashore as a woman.,"{coast} a lone bright figure standing on dark wet rock over surf, wide, hard clean light, vast bright sky, no murk",coast,9,2,0.16,,,
25,4,s73,connective,tension,But she is always drawn back again to the sea -,"{coast} bright surf pulling back off dark rock, wide, hard daylight, white water, luminous cold-blue",coast,7,2,0.16,,,
26,4,s73,connective,curiosity,"and always, in the end, leaving the land behind her.","{coast} a single set of footprints leading into bright surf, high angle, hard clean light, empty luminous shore",coast,6,2,0.16,,,
27,4,s74,hero,awe,"On every continent, in every ocean, in every single age -","{witness} four monumental water-figures on four bright far coasts, extreme wide, hard clean light, immense and mirrored",witness,7,4,0.32,,,
28,4,s74,connective,awe,"and all arriving, in the end, at the very same woman.","{witness} one colossal figure rising from bright open sea toward the light, wide low angle, monumental, no clear face",witness,6,2,0.16,,,
29,4,s75,hero,tension,"She is feminine, and yet far more than merely human at all -","{witness} a monumental figure half-risen from bright water, low hero angle, hard light, statuesque, watchful, draped",witness,7,4,0.32,,,
30,4,s75,hero,tension,tied always to the deep water - and always the voice.,"{witness} the same figure with mouth open in song over bright sea, medium, hard light, wind-swept cloth, immense",witness,10,4,0.32,,,
31,4,s76,hero,curiosity,Two lone witnesses agreeing on it is only a coincidence -,"{deep} two tiny distant ships on a vast bright sea, extreme wide, hard clean light, immense water between them",deep,7,4,0.32,,,
32,4,s76,connective,tension,but a full hundred of them agreeing is something else entirely.,"{deep} two fishermen hauling a dripping net over a gunwale in the near foreground, the vast open ocean beyond under a huge bright sky, medium wide, hard light, foreground figures against immense water",deep,7,2,0.16,,,
33,4,s77,connective,tension,"These peoples never traded, and they had never once met -","{deep} two far bright coasts separated by open sea, extreme wide aerial, hard clean light, uncrossable water",deep,6,2,0.16,,,
34,4,s77,connective,curiosity,yet each drew the same creature down to the smallest details.,"{witness} two identical monumental figures on two bright shores, extreme wide, hard light, mirrored and immense",witness,9,2,0.16,,,
35,4,s78,hero,wonder,A myth always drifts - it shifts a little with every telling -,"{witness} a monumental figure blurring into bright sea-haze then sharpening, wide, hard light, statuesque",witness,10,4,0.32,,,
36,4,s78,connective,tension,but this single one barely moves at all across the world.,"{witness} the same figure crisp and unchanged on a bright far shore, wide, hard clean light, immense and exact",witness,8,2,0.16,,,
37,4,s79,hero,lean-forward,"That, some who study this closely say, is the line -","{deep} the vast bright sea holding perfectly still, extreme wide, hard clean light, immense and waiting",deep,10,4,0.32,,,
38,4,s79,connective,lean-forward,the fine line between a mere myth and a real memory.,"{witness} a colossal figure rising sharp and clear from bright water, wide low angle, monumental, exact, no clear face",witness,8,2,0.16,,,
39,4,s80,hero,lean-forward,"And a real memory, they say, holds fast to its shape -","{witness} the monumental figure fully risen and still against bright sky, low hero angle, hard light, statuesque, immense",witness,9,4,0.32,,,
40,4,s80,hero,lean-forward,because it is remembering something that had really once been real.,"{deep} a single vast shape far below rising toward bright light, wide, cold-blue outline, immense and unrevealed",deep,8,4,0.32,,,
1,5,s81,hero,curiosity,"Before we go any further, the skeptic deserves his say -","{deep} a lone sailor standing at an ancient prow in the near foreground, back to us, gazing over a vast bright sea holding perfectly still, wide, hard clean light, foreground figure against immense water",deep,10,4,0.32,,,
2,5,s81,connective,curiosity,and not the lazy version - the strongest one there is.,"{witness} a single monumental figure standing clear and still against bright sky, low hero angle, hard light, exact, no clear face",witness,11,2,0.16,,,
3,5,s82,connective,tension,The easy answer is that people simply share the same fears -,"{deep} a small bright ship alone on vast open water, extreme wide, hard light, tiny and exposed",deep,12,2,0.16,,,
4,5,s82,connective,tension,"water is deeply dangerous, and beauty is always distracting to men.","{deep} bright surf breaking hard on dark rock, wide, hard clean light, white water, luminous",deep,7,2,0.16,,,
5,5,s83,connective,curiosity,"Put those two simple fears together, and the argument runs on -","{deep} two bright waves converging on open sea, wide, hard light, immense meeting water",deep,8,2,0.16,,,
6,5,s83,connective,wonder,and any people might dream up a deadly woman in the sea.,"{witness} a monumental figure half-dissolved into bright sea-mist, wide, hard light, statuesque, half-formed",witness,12,2,0.16,,,
7,5,s84,hero,tension,It is a serious answer - and it explains the frame -,"{deep} a helmsman's weathered hands gripping a steering-oar in the near foreground, the vast open ocean beyond under a bright hard sky, medium, hard light, foreground hands against immense water",deep,12,4,0.32,,,
8,5,s84,connective,tension,but it strains hard against the detail once you truly examine it.,"{witness} the same figure sharpening from mist into exact form, medium, hard clean light, precise",witness,6,2,0.16,,,
9,5,s85,connective,curiosity,A shared fear could explain a vague and general resemblance between them -,"{witness} two roughly similar figures on two bright far shores, extreme wide, hard light, loosely alike",witness,9,2,0.16,,,
10,5,s85,connective,tension,"it cannot explain the same woman, down to the details.","{witness} two identical monumental figures mirrored on two bright coasts, extreme wide, hard light, exact",witness,10,2,0.16,,,
11,5,s86,hero,tension,The voice as a weapon - not just a pretty sound -,"{witness} a monumental figure with mouth open in song over a bright sea, low hero angle, hard light, immense, wind-swept cloth",witness,12,4,0.32,,,
12,5,s86,connective,tension,"the pull that overrides a man, instead of tempting him.","{deep} a tiny bright ship turning helpless toward far rocks, extreme wide, hard light, dwarfed and drawn",deep,10,2,0.16,,,
13,5,s87,connective,curiosity,"The link to the deep sea - not a lake, not the rain -","{deep} the vast fathomless deep opening downward, extreme wide looking down, immense cold-blue glow, no bottom",deep,14,2,0.16,,,
14,5,s87,connective,tension,"and a fate that is fatal, every single time, without fail.","{deep} bright wreckage drifting empty on open sea, high wide, hard light, one broken mast, still water",deep,9,2,0.16,,,
15,5,s88,hero,wonder,Then comes the very deepest version of the skeptic's case -,"{witness} a colossal figure rising from the bright sea toward the light, wide low angle, monumental, no clear face",witness,10,4,0.32,,,
16,5,s88,connective,wonder,and it needs no watchers and no giants at all.,"{deep} a diver caught mid-plunge breaking the bright surface in the near foreground, the vast ocean stretching to the horizon beyond, wide, hard clean light, foreground figure against immense water",deep,10,2,0.16,,,
17,5,s89,hero,awe,"The human mind, it says, carries its own inherited shapes -","{witness} a vast monumental figure standing over a tiny distant human, extreme wide, hard light, immense and archetypal",witness,10,4,0.32,,,
18,5,s89,connective,wonder,deep molds that every one of us is born already holding.,"{witness} the same colossal figure seen from far below a tiny watcher, low hero angle, hard light, dwarfing",witness,7,2,0.16,,,
19,5,s90,connective,curiosity,"On this view she rises from within, not from the sea -","{deep} a bright figure-shape forming out of the deep water itself, wide, cold-blue and luminous, half-real",deep,12,2,0.16,,,
20,5,s90,connective,tension,"the feminine that draws and threatens, joined to the deep.","{deep} the vast deep opening downward with a faint figure far below, extreme wide, cold-blue glow, immense",deep,10,2,0.16,,,
21,5,s91,hero,wonder,"By that same logic, any people at all would draw her -","{witness} monumental figures rising from many bright distant seas at once, extreme wide, hard light, repeated and immense",witness,9,4,0.32,,,
22,5,s91,connective,wonder,not because they ever saw her - but because they carry her.,"{witness} one colossal figure standing clear against bright sky, low hero angle, hard light, statuesque, exact",witness,10,2,0.16,,,
23,5,s92,connective,tension,"It is an elegant answer, and an honest one too -","{deep} a lone figure treading water far below the bright surface seen from above, tiny in the near foreground, the deep held in perfect stillness around him, high angle, cold-blue and luminous, foreground swimmer against the depths",deep,10,2,0.16,,,
24,5,s92,connective,tension,and it would be truly dishonest to just wave it away.,"{witness} the monumental figure standing unchallenged in bright light, wide, hard clean light, immense",witness,9,2,0.16,,,
25,5,s93,hero,curiosity,"But it, too, strains right where the detail is sharpest -","{witness} the same figure sharpening to exact, precise form, medium, hard clean light, crisp",witness,10,4,0.32,,,
26,5,s93,connective,tension,"the voice, the deep water, the fate that never varies.","{deep} the fathomless deep lit from far below, extreme wide looking down, cold-blue radiance, immense",deep,10,2,0.16,,,
27,5,s94,connective,wonder,The archetype explains the wide frame that is drawn around her -,"{witness} a monumental figure held inside a vast bright frame of sky and sea, extreme wide, hard light",witness,8,2,0.16,,,
28,5,s94,connective,tension,but not the fine precision of the picture inside it.,"{witness} an exact, detailed figure sharp against bright sky, medium, hard clean light, precise carving-sharp",witness,9,2,0.16,,,
29,5,s95,hero,lean-forward,We will not pretend that either side has been fully proven -,"{deep} the vast bright sea balanced between two far coasts, extreme wide aerial, hard light, immense",deep,9,4,0.32,,,
30,5,s95,connective,curiosity,"only watch where each is strong, and where each strains.","{deep} an ancient boat drifting with one still figure aboard in the near-right foreground, the open ocean stretching even and immense beyond, wide, hard clean light, foreground boat against the sea",deep,10,2,0.16,,,
31,5,s96,hero,wonder,And if it is a memory - a memory of what?,"{antediluvian} the vast pre-flood world under a huge bright sky, extreme wide, brilliant parting cloud, tiny distant figure",antediluvian,11,4,0.32,,,
32,5,s96,connective,tension,and the question runs straight back to before the flood itself.,"{antediluvian} the ancient world tilting under a vast bright troubled sky, wide, hard light against gathering dark",antediluvian,8,2,0.16,,,
33,5,s97,hero,wonder,To the one old book that treats her as real -,"{codex} a single ancient bound book alone in one hard shaft of pale light, low hero angle, monumental, deep shadow, no stand",codex,11,4,0.32,,,
34,5,s97,connective,curiosity,"not as poetry at all, but as something that truly happened.","{codex} the same book open to dense inked pages in hard light, tight, monumental, sharp grain, no lectern",codex,8,2,0.16,,,
35,5,s98,hero,tension,"And the answer, it turns out, is hidden in the words -","{relief} a bright carved-stone inscription in hard raking sunlight, wide, sharp weathered detail, immense stone, no murk",relief,12,4,0.32,,,
36,5,s98,connective,curiosity,in a handful the old translators could not agree on.,"{relief} a single worn carved line catching hard bright light, extreme close, sharp grain, ancient stone",relief,10,2,0.16,,,
37,5,s99,hero,tension,One word the ancients reached for meant a hybrid thing -,"{relief} a bright relief of a half-human half-creature figure, hard clean sunlight, sharp carved detail, weathered stone",relief,11,4,0.32,,,
38,5,s99,connective,tension,a strange being that was never quite fully of this world.,"{witness} a monumental part-human figure rising from bright water, low hero angle, hard light, statuesque, strange, modestly draped",witness,9,2,0.16,,,
39,5,s100,hero,lean-forward,And it appears where the land lies cursed and empty -,"{antediluvian} a vast emptied ruined land under a bright hard sky, extreme wide aerial, hard shafts, abandoned",antediluvian,11,4,0.32,,,
40,5,s100,hero,lean-forward,where only the things that are not fully human still remain.,"{deep} a single vast shape moving far below in the cold-blue deep, wide, immense outline, unrevealed",deep,8,4,0.32,,,
1,6,s101,hero,curiosity,The clue was never in the stories - it was in the words -,"{codex} a single ancient bound book open to dense inked pages in one hard shaft of pale light, low hero angle, monumental, deep shadow, no stand",codex,14,4,0.32,,,
2,6,s101,connective,curiosity,in a handful the old translators could never pin down.,"{relief} a single worn carved line catching hard bright light, extreme close, sharp grain, ancient stone, no murk",relief,10,2,0.16,,,
3,6,s102,hero,tension,One of them appears in the prophet Isaiah - the word lilit -,"{relief} a bright carved inscription with one line lit hard by raking sun, wide, sharp weathered detail, immense stone",relief,11,4,0.32,,,
4,6,s102,connective,tension,and from that single word the translations scatter in every direction.,"{relief} the same inscription seen from several bright angles at once, wide, hard clean light, sharp stone, fragmented",relief,7,2,0.16,,,
5,6,s103,connective,curiosity,"Some render it as owl, and some as a night creature -","{deep} a dark bright-rimmed shape against a vast pale night sky, wide, hard cold light, immense and unclear",deep,9,2,0.16,,,
6,6,s103,connective,tension,while others just gave up and left it wholly untranslated there.,"{relief} a single carved word left bare in hard bright light, extreme close, sharp grain, unreadable, weathered",relief,8,2,0.16,,,
7,6,s104,hero,tension,But the very oldest Greek version chose a different word -,"{relief} an ancient bright inscription in hard raking sunlight, wide, sharp carved lines, immense pale stone",relief,10,4,0.32,,,
8,6,s104,connective,tension,"it called her a hybrid - half one thing, half another.","{witness} a monumental part-human figure rising from bright water, low hero angle, hard light, statuesque, strange, modestly draped",witness,11,2,0.16,,,
9,6,s105,hero,awe,And read closely just where the prophet actually sets her down -,"{antediluvian} a vast emptied cursed land under a bright hard sky, extreme wide aerial, hard shafts, abandoned, ruined",antediluvian,8,4,0.32,,,
10,6,s105,connective,tension,"in a cursed and emptied land, long after the judgment.","{antediluvian} ruined dark towers standing alone on a bright waste, wide, hard clean light, no people, immense",antediluvian,9,2,0.16,,,
11,6,s106,connective,curiosity,Where only the things not fully human are left to remain -,"{witness} a lone monumental strange figure standing in a bright ruined waste, extreme wide, hard light, immense and alone",witness,9,2,0.16,,,
12,6,s106,connective,tension,"that, the old text plainly says, is where she now dwells.","{witness} the same figure half-turned in hard bright light over ruin, medium, statuesque, watchful, draped",witness,8,2,0.16,,,
13,6,s107,hero,wonder,"And around that single word, a whole figure slowly grew up -","{witness} a colossal woman-figure rising vast from bright water, low hero angle, monumental, hard light, no clear face",witness,9,4,0.32,,,
14,6,s107,connective,tension,"feminine, and supernatural, and tied to the night and the deep.","{deep} the fathomless deep opening downward, extreme wide looking down, immense cold-blue glow, no bottom",deep,8,2,0.16,,,
15,6,s108,hero,curiosity,Then a second word runs through the old text - tannin -,"{relief} a bright carved serpent-creature on ancient stone, hard raking sunlight, sharp weathered detail, immense wall",relief,12,4,0.32,,,
16,6,s108,connective,tension,"translated dragon in one place, sea monster in the next.","{leviathan} a colossal sea-creature dim in the deep, wide, one faint bright shaft beginning to fall, cold-blue, immense",leviathan,10,2,0.16,,,
17,6,s109,hero,tension,"And here, at long last, is where the point turns sharp -","{deep} a vast dark shape stirring far below bright water, wide, thin cold-blue light along its edge, immense",deep,7,4,0.32,,,
18,6,s109,connective,tension,"the flood judged the land, but the sea stayed beyond it.","{deep} the calm fathomless deep beneath bright surface chaos, wide, cold-blue radiance, the depths unbroken",deep,11,2,0.16,,,
19,6,s110,hero,awe,It is in the book of Job this gets its fullest voice -,"{codex} the same ancient book open to a bright-lit column of text, tight, monumental, hard shaft, sharp grain, no lectern",codex,13,4,0.32,,,
20,6,s110,connective,awe,the place where God himself describes the great and vast Leviathan.,"{leviathan} a colossal sea-creature struck by a brilliant hard column of light in the deep, low hero angle, immense, cold-blue and luminous",leviathan,6,2,0.16,,,
21,6,s111,hero,awe,A creature of the deep that no weapon can wound -,"{leviathan} the vast creature filling the frame in a bright light-column, extreme low angle, immense mass, hard shadow, luminous",leviathan,10,4,0.32,,,
22,6,s111,connective,tension,"that breathes out fire, and dwells where all light gives out.","{leviathan} the creature descending into dark water below the bright shaft, wide, cold-blue depths, immense, receding",leviathan,9,2,0.16,,,
23,6,s112,hero,wonder,And the most striking thing is who speaks of it -,"{codex} the open book blazing under one hard shaft against deep shadow, low hero angle, monumental, no stand",codex,11,4,0.32,,,
24,6,s112,connective,tension,"not a poet, but God, as a real and present thing.","{leviathan} the vast creature held still in a bright light-column, wide, immense, hard shadow, cold-blue, luminous",leviathan,11,2,0.16,,,
25,6,s113,connective,curiosity,"For the ancient writer, the sea was never just water -","{deep} a dark kelp forest rising through cold-blue water in the near foreground, the vast open deep opening beyond, medium, hard clean light, foreground weed against immense water",deep,11,2,0.16,,,
26,6,s113,connective,tension,it was the deep - the place order never fully reached.,"{deep} the fathomless deep opening down with no bottom, extreme wide looking down, immense cold-blue glow",deep,11,2,0.16,,,
27,6,s114,hero,wonder,The book of Genesis says it in its very second breath -,"{deep} a vast dark bright-rimmed sea before the first light, extreme wide, cold-blue and luminous, immense stillness",deep,8,4,0.32,,,
28,6,s114,connective,wonder,"darkness over the face of the deep, before all else.","{deep} the bright-edged surface of a boundless dark sea, wide, hard cold light, immense and primal",deep,10,2,0.16,,,
29,6,s115,hero,tension,And other lines name a monster the sea still holds -,"{leviathan} a colossal creature coiled in the bright-lit deep, wide low angle, immense mass, cold-blue, hard shadow",leviathan,11,4,0.32,,,
30,6,s115,connective,tension,a chaos the divine hand had to press back down.,"{deep} a vast bright wave held back at its crest, extreme wide, hard light, immense suspended water",deep,10,2,0.16,,,
31,6,s116,hero,wonder,The old world knew what lived in the deep places -,"{deep} the fathomless deep lit from far below, extreme wide looking down, cold-blue radiance, immense, full",deep,11,4,0.32,,,
32,6,s116,connective,tension,a deep knowledge that we ourselves have since lost almost entirely.,"{deep} a floating broken mast and tangled spar drifting across the near foreground, the vast sea running to a bright far horizon beyond, wide, hard light, foreground wreck against immense water",deep,7,2,0.16,,,
33,6,s117,connective,curiosity,"And they wrote all of it down, not as mere legend -","{relief} a bright carved wall of ancient sea-creatures, wide, hard raking sunlight, sharp detail, immense stone",relief,8,2,0.16,,,
34,6,s117,connective,tension,"but as sober fact, in the very plainest words they had.","{relief} a single hard-lit carved line, extreme close, sharp grain, bright, weathered stone",relief,9,2,0.16,,,
35,6,s118,hero,wonder,So the very words themselves keep pointing us all one way -,"{deep} the vast bright sea drawing the eye to a single far point, extreme wide, hard clean light, immense",deep,9,4,0.32,,,
36,6,s118,connective,tension,"back to the deep, and to what the flood never touched.","{deep} a turning shoal of silver fish catching light in the near foreground, the calm untouched deep falling away beneath, medium, cold-blue radiance, foreground life against the depths",deep,11,2,0.16,,,
37,6,s119,hero,lean-forward,"A corruption that had reached down, at last, into the water -","{deep} a single vast shape moving far below toward bright light, wide, cold-blue outline, immense, unrevealed",deep,7,4,0.32,,,
38,6,s119,connective,lean-forward,and a judgment that fell only upon the dry land.,"{antediluvian} bright floodwater erasing a ruined plain, extreme wide aerial, hard light, towers going under",antediluvian,9,2,0.16,,,
39,6,s120,hero,lean-forward,"Two facts, the old book leaves standing side by side -","{deep} the vast deep and a bright far shore held in one wide frame, extreme wide aerial, hard clean light, immense",deep,11,4,0.32,,,
40,6,s120,hero,lean-forward,"and in the narrow space left between them, she still lives on.","{witness} a colossal woman-figure rising from the bright deep toward the light, wide low angle, monumental, no clear face",witness,8,4,0.32,,,
1,7,s121,hero,awe,"Now, at last, set the whole thing carefully in order -","{hermon} the snow summit under a vast bright sky, extreme wide, hard shaft on the peak, the oath still holding above the world",hermon,8,4,0.32,,,
2,7,s121,connective,wonder,because it is when the picture lines up that it holds.,"{deep} the vast bright sea and a far mountain held in one wide frame, extreme wide aerial, hard clean light, immense",deep,11,2,0.16,,,
3,7,s122,hero,awe,"The Watchers first came down, all drawn down by human women -","{descent} colossal winged figures descending through torn bright cloud toward tiny dwellings, wide crane view, brilliant backlight, immense mass",descent,9,4,0.32,,,
4,7,s122,connective,awe,"and from them the giants were born, the men of renown.","{antediluvian} colossal warriors striding across a bright plain, wide low angle, hard light, dust rising, tiny people below",antediluvian,11,2,0.16,,,
5,7,s123,hero,tension,But now watch the strange shape of it - the symmetry itself -,"{descent} one colossal figure descending on the left of frame, low hero angle, hard light, immense, torn bright cloud",descent,10,4,0.32,,,
6,7,s123,connective,tension,for the symmetry of it is the truly unsettling part of all.,"{witness} one colossal figure rising from bright water on the right of frame, low hero angle, hard light, immense, monumental",witness,7,2,0.16,,,
7,7,s124,hero,awe,"The great fathers came down, down through the human women below -","{descent} colossal winged figures breaking downward toward the bright earth, wide crane, brilliant light, immense, tiny witnesses below",descent,8,4,0.32,,,
8,7,s124,connective,awe,"a descent - down out of the sky, into the world.","{descent} the figures reaching the bright summit, wide, hard shaft splitting them, immense, tiny land below",descent,9,2,0.16,,,
9,7,s125,hero,tension,"And the reflection, the legends say, rose the other way -","{witness} a colossal woman-figure ascending from the bright deep toward the surface, wide low angle, cold-blue below and warm above, monumental",witness,11,4,0.32,,,
10,7,s125,connective,tension,"up through the men - an ascent, out of the water.","{witness} the figure breaking the bright surface toward the light, low hero angle, hard light, immense, no clear face",witness,10,2,0.16,,,
11,7,s126,hero,awe,The daughters carried within them the same nature as the sons -,"{witness} a monumental figure standing clear and exact against bright sky, low hero angle, hard light, statuesque, immense",witness,10,4,0.32,,,
12,7,s126,connective,tension,"and turned it on men, as the sons turned it on the world.","{deep} a tiny bright ship drawn helpless toward a vast figure-shape in the water, extreme wide, hard light, dwarfed",deep,13,2,0.16,,,
13,7,s127,hero,wonder,"The one of them came down, down through the open sky -","{descent} a single colossal figure descending against torn bright cloud, extreme wide, brilliant backlight, immense",descent,7,4,0.32,,,
14,7,s127,connective,wonder,"and the other one rose up, up through the deep sea.","{witness} a single colossal figure rising from bright fathomless water, extreme wide, monumental, luminous",witness,7,2,0.16,,,
15,7,s128,hero,tension,"The old book, remember, says the Bible does not close it -","{codex} a single ancient bound book open in one hard shaft against deep shadow, low hero angle, monumental, no stand",codex,12,4,0.32,,,
16,7,s128,connective,curiosity,it names no verse that follows her into the deep.,"{deep} a sunken anchor-stone and a trailing rope descending through the near foreground, the fathomless deep opening downward past it, wide looking down, immense cold-blue glow, foreground line into the dark",deep,10,2,0.16,,,
17,7,s129,hero,tension,What it gives us instead is a far stranger fact indeed -,"{deep} a vast dark shape moving far below bright water, wide, thin cold-blue outline, immense, unrevealed",deep,9,4,0.32,,,
18,7,s129,connective,tension,the flood was meant to end them - and did not.,"{antediluvian} bright floodwater rising over a ruined plain, extreme wide aerial, hard light, towers going under",antediluvian,11,2,0.16,,,
19,7,s130,hero,awe,"Because the giants themselves come back, even after the water -","{remnant} a colossal giant-warrior towering on a bright ancient plain, low hero angle, hard light, immense, tiny armed men below",remnant,10,4,0.32,,,
20,7,s130,connective,tension,"whole peoples of them, each with their own names and lands.","{remnant} several giant-warriors ranged across a bright valley, wide low angle, hard clean light, immense, tiny people fleeing",remnant,8,2,0.16,,,
21,7,s131,hero,tension,The spies that Moses sent came back utterly terrified of them -,"{remnant} tiny scouts crouched before a colossal figure on a bright ridge, extreme wide, hard light, dwarfed, immense",remnant,6,4,0.32,,,
22,7,s131,connective,tension,"we were as mere grasshoppers, they said, standing before them.","{remnant} a giant hand and forearm filling the frame beside a tiny man, extreme low angle, hard light, immense scale",remnant,8,2,0.16,,,
23,7,s132,hero,awe,And the plainest case the text records is a king -,"{remnant} a colossal armored giant-king on a bright throne-height, low hero angle, hard light, immense, weathered iron",remnant,11,4,0.32,,,
24,7,s132,connective,tension,Og of Bashan - the very last of a giant line.,"{remnant} the giant-king standing over a bright ancient hall, wide low angle, hard clean light, immense, tiny guards below",remnant,9,2,0.16,,,
25,7,s133,hero,curiosity,The old book does something here that is almost forensic in nature -,"{relief} a bright carved measuring-line on ancient stone in hard raking light, extreme close, sharp grain, weathered",relief,8,4,0.32,,,
26,7,s133,connective,tension,it carefully records the sheer size of his great iron bed.,"{remnant} a vast dark iron bed-frame in a bright ancient chamber, wide, hard clean light, immense, a tiny man beside it",remnant,8,2,0.16,,,
27,7,s134,connective,curiosity,"It stretched more than four whole meters in length, that bed -","{remnant} the enormous iron bedframe filling the frame, low angle, hard bright light, immense, tiny human hand at its edge",remnant,6,2,0.16,,,
28,7,s134,connective,tension,as if a scribe wanted to prove it was no tale.,"{relief} a hard-lit carved record on ancient stone, close, sharp weathered detail, bright, immense wall",relief,11,2,0.16,,,
29,7,s135,hero,awe,And this was a full thousand years after the great flood -,"{remnant} a colossal giant silhouette on a bright far ridge over a settled land, extreme wide, hard light, immense",remnant,10,4,0.32,,,
30,7,s135,connective,tension,long after the water should surely have erased them all.,"{deep} bright floodwater receding off a ruined land, high wide aerial, hard light, the plain re-emerging",deep,9,2,0.16,,,
31,7,s136,hero,tension,"Somehow, that which should have vanished had come back once more -","{remnant} a colossal giant-warrior rising over a bright plain, low hero angle, hard light, immense, tiny army below",remnant,8,4,0.32,,,
32,7,s136,connective,tension,"not as a legend, but as flesh, bone, and iron.","{remnant} a giant's iron-clad arm and weapon in hard bright light, extreme close, immense, weathered metal, sharp",remnant,10,2,0.16,,,
33,7,s137,hero,wonder,The old text does not even try to explain how at all -,"{remnant} a colossal giant standing unexplained on a bright empty plain, extreme wide, hard clean light, immense and alone",remnant,7,4,0.32,,,
34,7,s137,connective,tension,"it simply records the plain fact, and then moves quietly on.","{antediluvian} a vast bright land stretching past a lone giant silhouette, extreme wide, hard light, immense, receding",antediluvian,7,2,0.16,,,
35,7,s138,hero,curiosity,Leaving the plain contradiction sitting right there upon the page -,"{codex} the open book in a hard shaft, one line lit against deep shadow, low hero angle, monumental, no stand",codex,7,4,0.32,,,
36,7,s138,connective,tension,for anyone at all who has the eyes to notice it.,"{codex} the same book from a steep low angle, monumental in bright shaft and deep shadow, no lectern",codex,8,2,0.16,,,
37,7,s139,hero,wonder,If the sons somehow survived the water on the land -,"{remnant} a giant silhouette on a bright ridge above a settled valley, extreme wide, hard light, immense",remnant,10,4,0.32,,,
38,7,s139,connective,lean-forward,"then what survived it all, the legends ask, in the sea?","{deep} a single vast shape rising far below toward bright light, wide, cold-blue outline, immense, unrevealed",deep,9,2,0.16,,,
39,7,s140,hero,lean-forward,"And now, at last, the story is very nearly whole -","{witness} a colossal woman-figure risen and still against bright sky, low hero angle, monumental, hard light, no clear face",witness,7,4,0.32,,,
40,7,s140,hero,lean-forward,"and it ends, of all places, out at the sea.","{deep} the vast bright sea running to a single far point of light, extreme wide, hard clean light, immense and final",deep,9,4,0.32,,,
1,8,s141,hero,wonder,The story is nearly whole - and it ends at the sea.,"{deep} the vast bright sea running to a single far point of light, extreme wide, hard clean light, immense and final",deep,12,4,0.32,,,
2,8,s141,connective,curiosity,Turn now to the very last book of the whole Bible.,"{codex} a single ancient bound book open to its final page in one hard shaft, low hero angle, monumental, deep shadow, no stand",codex,9,2,0.16,,,
3,8,s142,connective,wonder,John writes of a new heaven and a new earth -,"{newearth} a vast radiant new world of bright stone under an immense luminous sky, extreme wide, brilliant hard light, no sea",newearth,11,2,0.16,,,
4,8,s142,connective,wonder,and the first heaven and the first earth had passed away.,"{newearth} the bright new world stretching to a luminous horizon, extreme wide aerial, hard clean light, immense, no dark water",newearth,9,2,0.16,,,
5,8,s143,hero,awe,And then he adds four words almost no one pauses on -,"{newearth} one hard brilliant shaft falling across the bright sealess land, wide, immense light, gold and white, vast sky",newearth,12,4,0.32,,,
6,8,s143,connective,awe,and then he says it plainly - the sea was no more.,"{newearth} a bright horizon of land where an ocean once was, extreme wide, hard luminous light, immense, no water anywhere",newearth,6,2,0.16,,,
7,8,s144,hero,wonder,Of every single thing he could have named as finally gone -,"{newearth} the radiant new world under a vast bright sky, extreme wide, brilliant light, immense and clean",newearth,8,4,0.32,,,
8,8,s144,connective,tension,"no more death, no more pain, and no more tears -","{newearth} bright light breaking over a luminous new land, wide, hard clean light, gold and cold-blue, immense",newearth,10,2,0.16,,,
9,8,s145,hero,wonder,he makes a point of saying the sea is gone.,"{newearth} a vast bright plain of light where the deep once lay, extreme wide aerial, hard luminous light, no water",newearth,10,4,0.32,,,
10,8,s145,connective,curiosity,Why the sea? Why would that stand among the great promises?,"{deep} a lone fisherman silhouetted in an ancient boat in the near foreground, the vast dark sea stretching one last time under a bright sky, wide, hard light, foreground figure against immense water",deep,11,2,0.16,,,
11,8,s146,hero,tension,Because in the old texts the sea was never only water -,"{deep} the fathomless deep opening downward, extreme wide looking down, immense cold-blue glow, no bottom",deep,12,4,0.32,,,
12,8,s146,connective,tension,"it was the deep, the abyss, the place order never reached.","{deep} a single figure sinking slowly into the deep, arms out, small in the near foreground, the fathomless deep opening downward past him, wide looking down, immense cold-blue glow, foreground body into the abyss",deep,11,2,0.16,,,
13,8,s147,hero,wonder,"John himself writes it from exile, alone on a far island -","{deep} a tiny lone figure on bright rock ringed by a vast sea, extreme wide, hard clean light, dwarfed, immense water",deep,9,4,0.32,,,
14,8,s147,connective,wonder,ringed on every side by the very sea he says will end.,"{deep} the vast bright sea surrounding a small far island, extreme wide aerial, hard light, immense and encircling",deep,12,2,0.16,,,
15,8,s148,hero,awe,If the sea holds the memory of what came before -,"{witness} a colossal woman-figure rising from the bright deep toward the light, wide low angle, monumental, no clear face",witness,11,4,0.32,,,
16,8,s148,connective,tension,"then its ending is not weather, and not mere geography.","{deep} the vast deep held perfectly still, extreme wide looking down, cold-blue radiance, immense, waiting",deep,9,2,0.16,,,
17,8,s149,hero,awe,"It is a door, the old readers say, finally closing -","{newearth} a brilliant wall of light rising where the sea had been, extreme wide, hard luminous light, immense, sealing",newearth,11,4,0.32,,,
18,8,s149,connective,tension,a door that stood open since the days of Noah.,"{hermon} the snow summit under a vast bright sky, extreme wide, hard shaft on the peak, the oath at last unmade",hermon,10,2,0.16,,,
19,8,s150,hero,wonder,"Since the Watchers came, and since the giants themselves came -","{descent} colossal figures descending through bright cloud, wide crane, brilliant backlight, immense, fading",descent,7,4,0.32,,,
20,8,s150,connective,wonder,and since the daughters who all went down into the water.,"{witness} a colossal figure sinking back into the bright deep, wide, monumental, cold-blue and warm, receding",witness,8,2,0.16,,,
21,8,s151,hero,awe,Since the sirens who sang up on their bright sea-cliffs -,"{witness} a monumental winged siren figure on a bright sea-cliff, low hero angle, hard light, immense over the sea",witness,8,4,0.32,,,
22,8,s151,connective,wonder,"since Mami Wata, the mother of the West African rivers -","{witness} a monumental river-goddess at bright golden hour on a wide river, low hero angle, warm hard light, statuesque, draped",witness,10,2,0.16,,,
23,8,s152,connective,wonder,"since Atargatis, the goddess carved long ago in Syrian stone -","{witness} a colossal fish-tailed goddess in a bright bronze temple arch, low hero angle, hard sunlight, monumental, draped",witness,7,2,0.16,,,
24,8,s152,connective,wonder,"since Oannes, who rose from the sea to teach the Babylonians -","{witness} a monumental fish-bodied figure rising from bright water before an ancient city, low hero angle, hard light, statuesque",witness,9,2,0.16,,,
25,8,s153,connective,wonder,"since the Iara, singing far out upon the great Amazon river -","{witness} a monumental river-goddess on a bright wide green river, low hero angle, warm hard light, statuesque, draped",witness,8,2,0.16,,,
26,8,s153,connective,wonder,"since the pale Rusalka, and since the far-off Ningyo too -","{witness} two monumental water-figures on two bright far waters, extreme wide, hard clean light, immense and mirrored",witness,7,2,0.16,,,
27,8,s154,hero,awe,since the Selkie out upon the cold and bright northern coasts -,"{coast} a monumental woman-figure on bright wet sea-rocks above white surf, low hero angle, hard clean daylight, luminous, immense",coast,9,4,0.32,,,
28,8,s154,connective,awe,"the water spirits, all of them, of a hundred scattered cultures.","{witness} many monumental figures on many bright distant seas at once, extreme wide, hard light, repeated and immense",witness,7,2,0.16,,,
29,8,s155,hero,tension,A whole hundred peoples who had never once known one another -,"{deep} many tiny far coasts around one vast bright sea, extreme wide aerial, hard light, immense and separate",deep,9,4,0.32,,,
30,8,s155,connective,wonder,"and who all, somehow, remembered the very same single woman.","{witness} one colossal woman-figure risen and still against bright sky, low hero angle, monumental, no clear face",witness,7,2,0.16,,,
31,8,s156,hero,awe,"She is always feminine, and yet far more than merely human -","{witness} the monumental figure sharp and exact against bright light, medium, hard clean light, statuesque",witness,6,4,0.32,,,
32,8,s156,connective,tension,tied always to the deep water - and always the voice.,"{witness} the figure with mouth open in song over the bright sea, low hero angle, hard light, wind-swept cloth, immense",witness,10,2,0.16,,,
33,8,s157,hero,curiosity,We do not ask you here to close the question -,"{deep} the vast bright sea holding perfectly still under a huge sky, extreme wide, hard clean light, immense and open",deep,10,4,0.32,,,
34,8,s157,connective,tension,"only to feel the weight of what gathers, page by page.","{codex} the ancient book open in a hard shaft, dense inked pages against deep shadow, low hero angle, monumental, no stand",codex,11,2,0.16,,,
35,8,s158,hero,wonder,The old texts describe her - we do not claim to prove her -,"{witness} a monumental figure half-veiled in bright sea-haze, wide, hard light, statuesque, uncertain",witness,14,4,0.32,,,
36,8,s158,connective,curiosity,because an absent verse is not the same as absent evidence.,"{deep} the vast deep with one faint shape far below, extreme wide looking down, cold-blue glow, immense, half-seen",deep,11,2,0.16,,,
37,8,s159,hero,wonder,"And what gathers, culture after culture, is hard to set down -","{witness} many monumental figures across many bright far seas, extreme wide, hard clean light, repeated and immense",witness,12,4,0.32,,,
38,8,s159,connective,awe,"always the same woman, the same water, the same haunting call.","{witness} one colossal figure rising from the bright deep toward the light, wide low angle, monumental, luminous, no clear face",witness,9,2,0.16,,,
39,8,s160,hero,lean-forward,"The sea, John says, will one day be no more -","{newearth} the brilliant sealess new world under an immense luminous sky, extreme wide, hard clean light, gold and white, no water",newearth,11,4,0.32,,,
40,8,s160,hero,lean-forward,and this was only one of the things the buried book remembered.,"{codex} the ancient book closing in one last hard shaft against deep shadow, low hero angle, monumental, no stand",codex,12,4,0.32,,,
