block_id,clip_index,weight,register,narration,phenomenon,subject,scale,topic_class,air,move,motion,fx
0,1,hero,dread,"It is nearly noon outside the city, at a place called The Skull, and three men are dying. <break time=""600ms"" />","{golgotha_cross} wide establishing, three crosses raised on bare rock outside the city wall, hard midday sun overhead, dust lifting flat across the ground",three crosses stand at noon,3,universal,kb,,,dust
0,2,connective,dread,"A sign nailed above the center cross reads: THE KING OF THE JEWS. <break time=""400ms"" />","{golgotha_cross} close, a rough wooden sign nailed above a crossbeam, crude burned lettering, harsh sunlight raking across the grain",a sign nailed above him,1,universal,kb,,,
0,3,connective,dread,"Below, soldiers gamble for the one thing he still owns.","{golgotha_cross} medium low angle, soldiers crouched at the foot of a cross tossing marked stones onto a spread cloak, dust rising with each throw",a cloak divided by chance,2,universal,kb,,,dust
0,4,connective,dread,"A restless crowd presses in at the base of the hill, hurling insults upward. <break time=""500ms"" />","{golgotha_cross} wide, a restless crowd filling the base of the hill under a vast bruised sky, fists raised, dust kicked up underfoot, harsh overhead light",a crowd hurls insults,3,universal,kb,,,
0,5,connective,dread,"One of the two condemned men beside him joins the mockery, daring him to prove himself.","{golgotha_cross} medium, a dying man's face twisted in a sneer, dried blood at the temple, harsh side light across cracked skin",one condemned man sneers,2,universal,kb,,,
0,6,connective,teaching,"The other convicted man turns and rebukes him: we are punished justly, but this man has done nothing wrong. <break time=""600ms"" />","{golgotha_cross} close, a second dying man turning his head toward the first, dust and blood on cracked skin, a shaft of hard light crossing his face",a second man objects,2,universal,kb,,,
0,7,hero,grief,"Then he turns his head the other way, toward the man hanging at the center, and finds enough strength left to speak. <break time=""700ms"" />","{golgotha_cross} close on a face turning, sweat and dust catching low sun, eyes finding another face across the gap between crosses",a criminal begs mercy,2,universal,kling,,"slow subtle push toward the turning face, minimal camera drift, breath and blinking only, natural realistic micro-motion",
0,8,connective,grief,"""Remember me,"" he says, ""when you come into your kingdom.""","{golgotha_cross} extreme close on cracked lips forming words, a single bead of sweat tracking through dust on skin, shallow depth of field",a criminal begs mercy,1,universal,kb,,,
0,9,hero,wonder,"The answer comes back without a pause, as if the question had already been expected. <break time=""800ms"" />","{golgotha_cross} close three-quarter profile, a bearded face turned toward the dying man beside him, calm steady eyes, absolute certainty in the gaze, hard sunlight breaking through cloud onto the brow",Jesus answers without hesitation,2,universal,kling,,"slow subtle push in on the face, minimal drift, natural realistic micro-motion, breath only",
0,10,hero,wonder,"""Today,"" he says, <break time=""900ms"" /> ""you will be with me in paradise."" That is the whole of the answer this film exists to unpack. <break time=""700ms"" />","{golgotha_cross} wide reverse angle, the entire hillside lit by a single massive shaft of sun breaking the storm-dark sky, both men's faces caught in the light, dust hanging gold across the whole scene",Jesus answers without hesitation,3,universal,kb,,,
1,1,hero,teaching,"Long before that hill, in the town squares of Galilee, Jesus prepared his followers for harder things ahead. <break time=""900ms"" />","{sparrow_field} wide golden-hour, a teacher standing before a gathered crowd at the edge of a vast grain field stretching to the horizon, warm low sun flooding the entire landscape",a teacher gathers his followers,3,universal,kb,,,
1,2,connective,teaching,"He knew they would be arrested and questioned, maybe worse -- and he told them plainly what to fear and what not to. <break time=""400ms"" />","{sparrow_field} medium, the teacher's face turned toward his listeners, calm and direct, wind moving through the grain behind him",a teacher gathers his followers,1,universal,kb,,,
1,3,hero,teaching,"Do not be afraid of them, he said -- of the ones who can only end your life. <break time=""600ms"" />","{sparrow_field} close, the teacher's hand raised in a plain, unhurried gesture, warm light across his knuckles",do not fear those who kill,2,universal,kb,,,
1,4,connective,wonder,"Whatever is hidden will be brought into the light, he said. Nothing stays covered forever.","{sparrow_field} close, hands lifting a woven cloth off a basket of grain, sunlight catching the kernels underneath",hidden things come to light,2,universal,kb,,,
1,5,connective,teaching,"What I tell you now in the dark, he said, say in the full light of day.","{sparrow_field} wide, a low flat-roofed house at dawn, a single figure standing at its edge above a wide valley",hidden things come to light,2,universal,kb,,,
1,6,connective,teaching,"What you hear whispered, he said, proclaim from the rooftops. <break time=""500ms"" />","{sparrow_field} wide reverse, a rooftop seen from below at first light, a voice carrying out over a wide valley of hills catching the dawn",hidden things come to light,3,universal,kb,,,
1,7,hero,dread,"Then the line gets harder: do not fear those who can kill the body but cannot touch the soul. <break time=""700ms"" />","{sparrow_field} medium, the teacher's expression turning grave, shadow crossing half his face as a cloud passes",do not fear those who kill,2,universal,kb,,,
1,8,connective,teaching,"Fear instead the one who can destroy both soul and body, he said -- and that fear is not really about dying at all.","{sparrow_field} close, the teacher's eyes steady and unflinching, wind lifting dust off the dry path beside him",do not fear those who kill,2,universal,kb,,,
1,9,connective,wonder,"Then, almost gently, he changes the subject to something small.","{sparrow_field} close on open hands releasing grain into the wind, chaff scattering bright against dark tilled earth",a sparrow falls unnoticed,1,universal,kb,,,
1,10,connective,wonder,"Aren't two sparrows sold for a small coin? he asks. <break time=""600ms"" />","{sparrow_field} extreme close, a small brown bird perched on a low branch, feathers lit by low golden sun",a sparrow falls unnoticed,1,universal,kb,,,
1,11,connective,wonder,"Yet not one of them falls to the ground, he said, apart from your Father's knowledge.","{sparrow_field} extreme close, a small bird settling onto bare earth between furrows, soft dust rising where it lands",a sparrow falls unnoticed,2,universal,kb,,,
1,12,hero,wonder,"And you, he says, are worth more than very many sparrows. <break time=""800ms"" />","{sparrow_field} medium, the teacher's face turned up toward a flock lifting off the field into golden light, calm certainty in his expression",a sparrow falls unnoticed,2,universal,kling,,"slow subtle push in on the face and rising birds, gentle natural movement, minimal camera drift",
1,13,connective,teaching,"Even the hairs of your head, he says, are all numbered.","{sparrow_field} extreme close, sunlight catching loose strands of hair against a plain woven shoulder, dust motes suspended in a low shaft of light",hairs numbered on a head,1,universal,kb,,,
1,14,connective,teaching,"Not a rough estimate. Counted. <break time=""400ms"" />","{sparrow_field} close, a hand smoothing back windblown hair, fine strands catching individual points of light",hairs numbered on a head,1,universal,kb,,,
1,15,connective,awe,"That is not poetry for its own sake -- it is a claim about how closely you are known, on both sides of dying.","{sparrow_field} wide, the teacher walking a worn path between fields as the sun drops toward the horizon, long shadow stretching ahead of him",hairs numbered on a head,2,universal,kb,,,
1,16,hero,teaching,"So the first thing Jesus says about death is this: it ends less of you than you think, and it was never the thing most worth fearing. <break time=""1200ms"" />","{sparrow_field} wide reverse, the entire field emptying into dusk under a vast sky, the last birds settling into dark tree lines, one bright star visible above the horizon",hairs numbered on a head,3,universal,kb,,,
1,17,connective,dread,"Back on the hill, the two condemned men beside him have asked for very different things.","{golgotha_cross} medium, two crosses catching the last hard light of afternoon, dust drifting between them",two thieves ask differently,2,universal,kb,,,dust
1,18,connective,dread,"The second man never once asks to be remembered. He mocks, and then he goes quiet. <break time=""500ms"" />","{golgotha_cross} close, a dying man's face slack now, the earlier sneer fading into exhaustion, cold shadow crossing half his face",a second thief mocks him,2,universal,kb,,,
1,19,connective,dread,"Below, soldiers keep dividing a cloak between them, indifferent to everything happening above.","{golgotha_cross} medium low angle, soldiers seated in the dust passing a folded cloak hand to hand, uninterested in the crosses above",soldiers ignore the moment,2,universal,kb,,,dust
1,20,connective,dread,"The sky itself is starting to change color, though it is barely past noon.","{golgotha_cross} extreme wide, a hard rim of storm-dark cloud gathering at the horizon, harsh light thinning overhead",sky darkens before its time,2,universal,kb,,,
1,21,connective,dread,"None of it seems to matter to the second thief -- he wanted proof, not mercy. <break time=""600ms"" />","{golgotha_cross} close, a slack jaw and closed eyes, sweat drying pale on dust-streaked skin",a second thief mocks him,2,universal,kb,,,
1,22,connective,teaching,"But the first man's request was different in kind, not just in tone.","{golgotha_cross} wide, both crosses framed against a darkening sky stretching the full width of the frame, one man's head bowed low, the other turned toward the center",two thieves ask differently,3,universal,kb,,,
1,23,connective,teaching,He did not ask Jesus to prove anything. He asked only to be remembered.,"{golgotha_cross} close, a hand loosening slightly against rough bound wood, gold light catching cracked skin",two thieves ask differently,2,universal,kb,,,
1,24,hero,awe,"That is the whole of his theology in one sentence -- and it turns out to be enough. <break time=""900ms"" />","{golgotha_cross} close on the first thief's face lit gold as cloud breaks overhead, astonishment replacing fear",two thieves ask differently,3,universal,kling,,"slow subtle push toward the face as light breaks through cloud, natural realistic movement, minimal drift",
1,25,connective,teaching,"The word Jesus uses for today is immediate -- not eventually, not after some purifying wait. <break time=""400ms"" />","{golgotha_cross} extreme close on lips forming a single certain word, warm light breaking across the mouth and jaw",paradise promised without delay,1,universal,kb,,,
1,26,connective,wonder,"Paradise, in that culture's language, meant a garden restored -- the word Eden itself.","{golgotha_cross} wide, a shaft of gold light falling across bare dry rock as if onto ground that could still grow something",paradise promised without delay,2,universal,kb,,,
1,27,connective,teaching,"Not a vague afterlife. A specific, remembered kind of place.","{golgotha_cross} close, gold light pooling in the cracks of dry rock at the base of a cross",paradise promised without delay,1,universal,kb,,,
1,28,connective,awe,And the man being promised it has done nothing to earn it in the hours he has left.,"{golgotha_cross} medium, bound hands hanging still against rough wood, the last of his strength spent",paradise promised without delay,2,universal,kb,,,
1,29,connective,teaching,No time for good works. No time to change his life. Only a turned head.,"{golgotha_cross} close on a face turned toward the center cross, dust settling on damp skin",paradise promised without delay,2,universal,kb,,,
1,30,connective,awe,This is the part most people skip past too quickly: it cost him nothing extra to receive.,"{golgotha_cross} medium, both men framed together, one lit gold, the light widening between them",paradise promised without delay,2,universal,kb,,,
1,31,connective,teaching,Which means the promise was never about what he had done. It was about who he turned toward.,"{golgotha_cross} wide, the shaft of gold light broadening across all three crosses as the cloud continues breaking",paradise promised without delay,3,universal,kb,,,
1,32,hero,awe,"So the second thing Jesus says about death is this: paradise is not far away, it is not slow to arrive, and it does not wait for you to deserve it. <break time=""1000ms"" />","{golgotha_cross} extreme wide, the sky finally breaking open above the entire hill, a vast shaft of light falling across all three crosses at once, dust glowing gold across the whole scene",paradise promised without delay,3,universal,kb,,,
2,1,hero,teaching,"Jesus told a story to make the point impossible to misunderstand. <break time=""600ms"" />","{rich_mans_table} wide, a lavishly set table crowded with food and wine beneath a grand awning, warm lamplight and gold vessels filling the whole frame",a story begins at a rich man's table,3,universal,kb,,,
2,2,connective,teaching,"There was a rich man, he said, dressed in purple and fine linen. <break time=""500ms"" />","{rich_mans_table} medium, fine embroidered purple fabric draped over a reclining figure's shoulder, gold thread catching lamplight",purple and fine linen,1,universal,kb,,,
2,3,connective,teaching,"He feasted sumptuously every day -- not once in a while, every single day.","{rich_mans_table} close, hands reaching for food across a crowded table, gold cups and platters catching warm light",a table set every day,2,universal,kb,,,
2,4,connective,grief,"At his gate lay a poor man named Lazarus, covered in sores.","{beggars_gate} medium low angle, a thin figure slumped against a carved stone gatepost, open sores visible on bare skin",a beggar named Lazarus,2,universal,kb,,,
2,5,connective,grief,Lazarus longed only for the scraps that fell from the rich man's table.,"{beggars_gate} close, a thin hand reaching toward crumbs scattered in the dirt near a threshold",a beggar named Lazarus,1,universal,kb,,,
2,6,connective,grief,"Even the dogs came and licked his sores, he said -- an image meant to shock, not soothe. <break time=""600ms"" />","{beggars_gate} close, a dog's head bent low near a beggar's exposed skin, dust and shadow at the base of a stone wall",dogs lick his sores,2,universal,kb,,,
2,7,connective,grief,No one at that table ever once looked down to see him.,"{beggars_gate} wide, a servant's sandaled feet stepping past a beggar's outstretched hand without pausing",a beggar named Lazarus,2,universal,kb,,,
2,8,hero,grief,"Then, Jesus said, the beggar died. <break time=""700ms"" />","{beggars_gate} medium, a shrouded form carried away down a narrow street at dusk, torchlight receding into the dark",the beggar dies first,2,universal,kb,,,
2,9,hero,wonder,"And he was carried by angels to Abraham's side. <break time=""800ms"" />","{angels_light} wide, a small figure lifted gently between tall shapes of radiant light, warm gold glow rising off a dark road",carried by angels,3,universal,kling,,"slow steady upward drift following the ascent, natural cinematic movement, minimal drift",
2,10,connective,dread,"The rich man also died, and was buried -- with, no doubt, a funeral to match his table.","{rich_mans_table} wide, the empty banquet hall left standing at dusk, unlit lamps and abandoned platters on the long table",a funeral to match his table,2,universal,kb,,,
2,11,hero,dread,"In Hades, in torment, he lifted his eyes. <break time=""900ms"" />","{chasm_fire} close, a man's face lifted from heat-shimmer and shadow, torment plain in his expression",eyes opened in torment,3,universal,kb,,,embers
2,12,connective,wonder,"And far off, he saw Abraham, with Lazarus at his side.","{chasm_fire} wide, one side lit soft and golden with two distant figures at rest, the other burning red-orange with heat haze",eyes opened in torment,2,universal,kb,,,
2,13,connective,teaching,"The reversal is total, and Jesus does not soften it at all. <break time=""400ms"" />","{chasm_fire} wide, the golden side and the burning side framed together across the full width of the gulf, a vast dark gap of rock and haze separating them",two tables now reversed,3,universal,kb,,,
2,14,connective,teaching,The man who owned everything now owns nothing. The man who owned nothing now rests.,"{chasm_fire} close, an open hand reaching from the burning side toward a small point of golden light far across the gulf",two tables now reversed,2,universal,kb,,,
2,15,connective,teaching,"Nothing about wealth crossed over with him -- not the purple, not the linen, not the table.","{chasm_fire} medium, bare scorched hands against dark rock, plain and unadorned",two tables now reversed,2,universal,kb,,,
2,16,hero,awe,"So the third thing Jesus says about death is this: the moment after is not a pause -- it is fully, immediately conscious. <break time=""1000ms"" />","{chasm_fire} wide reverse, the gulf shown in full at dusk, one side settling into warm rest, the other locked in its own heat and shadow",two tables now reversed,3,universal,kb,,,
2,17,connective,dread,"The rich man calls out: Father Abraham, have mercy on me.","{chasm_fire} close, a face straining forward through heat distortion, mouth open mid-plea across the dark gap",a plea across the gulf,2,universal,kb,,,
2,18,connective,dread,"Send Lazarus, he begs, to dip his finger in water and cool my tongue -- I am in anguish in this flame. <break time=""500ms"" />","{chasm_fire} extreme close, a hand stretched to the very edge of a cliff over the gulf, fingers spread against empty air",a plea across the gulf,2,universal,kb,,,
2,19,connective,teaching,"Abraham answers, and there is no cruelty in his voice, only plain fact.","{chasm_fire} medium, a calm distant figure seated on the golden side, unhurried and steady",abraham answers plainly,1,universal,kb,,,
2,20,connective,teaching,"Child, he says, remember: you received your good things in life, and Lazarus received bad things.","{chasm_fire} wide, the golden rest and the burning torment framed together at equal distance, evening light settling over both",abraham answers plainly,2,universal,kb,,,
2,21,connective,dread,"Now he is comforted, and you are in anguish.","{chasm_fire} close, heat-shimmer distorting the air around a straining face, sweat catching dull red light",abraham answers plainly,2,universal,kb,,,
2,22,hero,dread,"And besides all this, he says, a great chasm has been fixed between us and you. <break time=""600ms"" />","{chasm_fire} extreme wide, a deep rock ravine spanning the frame, fire-glow on one rim and cold shadow on the other",a chasm fixed in place,3,universal,kling,,"slow steady reveal panning across the full width of the gulf, natural cinematic movement",
2,23,connective,dread,"Those who want to cross from here to you cannot. <break time=""600ms"" />","{chasm_fire} wide, jagged rock edges catching hard light, empty air spanning the ravine between them",a chasm fixed in place,2,universal,kb,,,
2,24,connective,dread,And none can cross from there to us either.,"{chasm_fire} close, a hand withdrawing from the cliff edge, dust falling loose into the gap below",a chasm fixed in place,2,universal,kb,,,
2,25,connective,teaching,"This is the line most sermons skip past too fast: the chasm was fixed, past tense, already done.","{chasm_fire} medium, the rock face at the gulf's edge, settled and unmoving, dust undisturbed along its rim",a chasm fixed in place,2,universal,kb,,,
2,26,connective,awe,Not fixed by cruelty. Fixed by choices made while there was still time to make them.,"{chasm_fire} wide, the entire gulf spanning the frame at dusk, the golden side lamplit and calm, the far side burning steady across its whole length",a chasm fixed in place,3,universal,kb,,,
2,27,connective,dread,"The rich man tries once more: then, father, send him to my father's house.","{chasm_fire} close, a face turned back toward the golden side, mouth open mid-plea, heat distortion blurring the air",five brothers still living,2,universal,kb,,,
2,28,connective,teaching,"I have five brothers, he says. Let him warn them, so they don't end up in this place too.","{chasm_fire} medium, five distant lamplit windows glimpsed across the gulf as if from far away",five brothers still living,2,universal,kb,,,
2,29,connective,teaching,Abraham answers: they have Moses and the prophets. Let them listen to those.,"{chasm_fire} wide, an old scroll glimpsed at the edge of the golden side, sunlight catching its unrolled surface",five brothers still living,2,universal,kb,,,
2,30,connective,dread,"No, father Abraham, the rich man insists -- but if someone comes to them from the dead, they will repent.","{chasm_fire} close, a desperate face lit by dull red light, straining forward against the heat",five brothers still living,2,universal,kb,,,
2,31,hero,awe,"Abraham's answer is the hardest line in the whole story: if they will not hear Moses and the prophets, they will not be convinced even if someone rises from the dead. <break time=""700ms"" />","{chasm_fire} wide reverse, the gulf at first light, mist pooling low in the ravine, a single bird crossing high overhead",proof was never the problem,3,universal,kb,,,mist
2,32,hero,awe,"So the fourth thing Jesus says about death is this: the choice was never waiting on better evidence. It was waiting on you. <break time=""1000ms"" />","{chasm_fire} extreme wide, the full gulf glowing at dawn, both rims catching the first flat light of a new day",proof was never the problem,3,universal,kling,,"slow subtle pull back revealing the entire gulf, natural realistic movement, minimal drift",
3,1,hero,teaching,"Jesus told his closest friends something stranger than a promise -- a description of an actual place. <break time=""800ms"" />","{fathers_house} wide, a vast house of many rooms lit warm from within, doorways receding down a long hall toward daylight at the far end",a description of an actual place,3,universal,kb,,,
3,2,connective,teaching,"Let not your hearts be troubled, he said. Believe in God; believe also in me.","{fathers_house} medium, a teacher speaking calmly to a small gathered group, warm lamplight across their faces",hearts not troubled,2,universal,kb,,,
3,3,connective,teaching,"In my Father's house, he said, there are many rooms.","{fathers_house} close, an open doorway framed in worn stone, warm lamplight spilling out into blue evening air",a house of many rooms,1,universal,kb,,,
3,4,connective,teaching,"If it were not so, he said, I would have told you.","{fathers_house} medium, the same doorway seen from further back, the long hall of rooms receding beyond it",a house of many rooms,2,universal,kb,,,
3,5,hero,wonder,"I am going to prepare a place for you, he said -- present tense, already in motion. <break time=""900ms"" />","{fathers_house} close, hands smoothing fresh linen across a low bed inside a sunlit room, dust motes catching the light",preparing a place now,2,universal,kling,,"slow subtle push toward the hands and the sunlit linen, natural realistic movement, minimal drift",
3,6,connective,teaching,"And when it is ready, he said, I will come back and take you to be with me.","{fathers_house} wide, a figure standing in an open doorway looking out toward a road at dawn, golden light spilling past him into the room",preparing a place now,2,universal,kb,,,
3,7,connective,wonder,"So that you may be where I am, he said -- the destination was never the rooms. It was him.","{fathers_house} wide reverse, the long hall of doorways glowing gold as evening light moves across every threshold at once",preparing a place now,2,universal,kb,,,
3,8,connective,teaching,"Thomas speaks up, confused: Lord, we don't even know where you're going.","{fathers_house} medium, a listener's puzzled face turned toward the teacher, lamplight catching his uncertainty",Thomas asks the way,2,universal,kb,,,
3,9,connective,teaching,"How can we know the way, he asks, if we don't know the destination?","{fathers_house} close, the same listener's hands spread in an open question, warm light across his palms",Thomas asks the way,1,universal,kb,,,
3,10,hero,awe,"Jesus answers with the boldest claim in the whole conversation. <break time=""600ms"" />","{fathers_house} close three-quarter profile, the teacher's face calm and direct, steady certainty in his eyes",I am the way,2,universal,kb,,,
3,11,hero,awe,"I am the way, he says, and the truth, and the life. <break time=""700ms"" />","{fathers_house} extreme close on lips forming the words, warm lamplight steady across the mouth and jaw",I am the way,3,universal,kling,,"slow subtle push in on the face, minimal drift, natural realistic micro-motion, breath only",
3,12,connective,teaching,"No one comes to the Father, he says, except through me.","{fathers_house} wide, the open doorway framed against a lightening sky, the road beyond just visible past the threshold",I am the way,2,universal,kb,,,
3,13,hero,awe,"So the fifth thing Jesus says about death is this: you are not going somewhere unprepared, and you are not going there alone. <break time=""1000ms"" />","{fathers_house} wide reverse, the full hall of doorways glowing at once, dawn light spilling through the farthest open door",I am the way,3,universal,kb,,,
3,14,connective,dread,"Four days before any of that, a message reaches Jesus in a hurry.","{bethany_tomb} medium, a breathless messenger arriving at a dusty crossroads, dust still rising from the road behind him",a message reaches him,2,universal,kb,,,dust
3,15,connective,dread,"Lord, the message says, the one you love is sick.","{bethany_tomb} close, a folded note passed hand to hand, dust settled along its worn crease",a message reaches him,1,universal,kb,,,
3,16,hero,wonder,"Jesus's answer surprises everyone who hears it: this sickness will not end in death. <break time=""800ms"" />","{bethany_tomb} medium, the teacher's calm face turned toward the road ahead, unhurried in the fading light",this will not end in death,2,universal,kb,,,
3,17,connective,teaching,"Then, deliberately, he stays two more days exactly where he is.","{bethany_tomb} wide, a small camp settled for the night, fire burning low against a darkening sky",he waits two more days,2,universal,kb,,,
3,18,connective,dread,His friends are confused and a little afraid -- they know what waits in Judea.,"{bethany_tomb} medium, worried faces gathered close around a low fire, shadows deepening around them",danger waits in Judea,2,universal,kb,,,
3,19,connective,dread,"They tried to stone you there, they remind him. And you want to go back?","{bethany_tomb} close, a hand gesturing toward a distant road, urgency in the tightened grip",danger waits in Judea,2,universal,kb,,,
3,20,hero,awe,"Thomas, of all people, says the bravest thing in the whole story: let us also go, that we may die with him. <break time=""900ms"" />","{bethany_tomb} medium, a single figure standing firm against the firelight, resolve steady on his face",danger waits in Judea,3,universal,kb,,,
3,21,connective,grief,"By the time they arrive, Lazarus has already been in the ground four days.","{bethany_tomb} wide, a stone tomb sealed into a dry hillside beneath a vast sky, a heavy rolling stone fitted across its entrance, dust settling in late light",a stone sealed four days,3,universal,kb,,,dust
3,22,hero,grief,"Martha meets him on the road before he even reaches the house. <break time=""600ms"" />","{bethany_tomb} medium, a woman standing on a dusty village road facing a traveler, her hands pressed together",Martha meets him on the road,2,universal,kb,,,
3,23,connective,grief,"Lord, she says, if you had been here, my brother would not have died.","{bethany_tomb} close, a face taut with grief on the village road, evening light low across the path",Martha meets him on the road,2,universal,kb,,,
3,24,connective,teaching,Jesus tells her plainly: your brother will rise again.,"{bethany_tomb} close, the traveler's face calm and direct, dust hanging gold in low light",Martha meets him on the road,1,universal,kb,,,
3,25,hero,awe,"I am the resurrection and the life, he says. <break time=""1000ms"" /> The one who believes in me will live, even though they die.","{bethany_tomb} medium, two figures facing each other on a village road at dusk, the light between them softening",Martha meets him on the road,3,universal,kb,,,
3,26,connective,teaching,Do you believe this? he asks her directly.,"{bethany_tomb} close, a steady question held in a calm gaze, dust settling around both figures",Martha meets him on the road,1,universal,kb,,,
3,27,connective,wonder,"Yes, Lord, she says. I believe you are the one we've been waiting for.","{bethany_tomb} close, a face lifted with quiet conviction, evening light catching the edge of her expression",Martha meets him on the road,2,universal,kb,,,
3,28,connective,grief,"Then Mary comes too, and falls at his feet in the same grief her sister carried.","{bethany_tomb} wide, a figure kneeling in the dust before a traveler, mourners gathering behind her",Mary falls at his feet,2,universal,kb,,,dust
3,29,connective,grief,"The mourners with her are weeping too, loud in the narrow street.","{bethany_tomb} medium, a small crowd of mourners pressing close, faces marked with open grief",Mary falls at his feet,2,universal,kb,,,
3,30,hero,grief,"Seeing her weep, Jesus is deeply moved in spirit, and troubled. <break time=""700ms"" />","{bethany_tomb} close, a man's face visibly moved, jaw tight, eyes glistening in the low light",Jesus deeply moved,2,universal,kb,,,
3,31,connective,grief,"Where have you laid him? he asks. Come and see, they answer.","{bethany_tomb} wide, a small procession moving down a narrow path toward a hillside tomb, evening shadows stretching long",Jesus deeply moved,2,universal,kb,,,
3,32,hero,grief,"Jesus wept. <break time=""1500ms"" />","{bethany_tomb} close, tears catching the last light of the day on a grieving face",Jesus deeply moved,2,universal,kling,,"slow subtle push toward the face, minimal camera drift, breath only, natural realistic micro-motion",
3,33,connective,teaching,"See how he loved him, the onlookers murmur -- while others wonder why he didn't act sooner.","{bethany_tomb} medium, mourners exchanging glances at a respectful distance from the grieving traveler",watching mourners murmur,2,universal,kb,,,
3,34,connective,dread,"Deeply moved again, Jesus comes to the tomb -- a stone lying against it.","{bethany_tomb} wide low angle, a heavy stone sealed flush against the full height of a hillside tomb entrance, long shadow falling across the entire scene",a stone lying against it,3,universal,kb,,,
3,35,connective,dread,"Take away the stone, he says. Lord, Martha answers, by now there will be an odor -- he has been dead four days.","{bethany_tomb} close, a woman's hand raised in caution beside the sealed stone, dust caught in the low light",Martha hesitates at the stone,2,universal,kb,,,
3,36,hero,awe,"Did I not tell you, he answers, that if you believed you would see the glory of God? <break time=""800ms"" />","{bethany_tomb} close three-quarter profile, calm certainty fixed on the sealed entrance ahead",Martha hesitates at the stone,3,universal,kb,,,
3,37,hero,awe,"They take away the stone, and Jesus lifts his eyes and prays aloud, so the crowd can hear every word. <break time=""900ms"" />","{bethany_tomb} wide low angle, men straining to roll a massive stone from the tomb entrance, a figure standing with eyes raised beside them",the stone begins to move,3,universal,kb,,,dust
3,38,hero,awe,"Father, I thank you that you have heard me, he prays -- so that they may believe you sent me. <break time=""600ms"" />","{bethany_tomb} medium, a face lifted in open prayer, evening light catching the raised eyes",the stone begins to move,3,universal,kb,,,
3,39,hero,wonder,"Then he cries out with a loud voice: <break time=""1200ms"" /> Lazarus, come out.","{bethany_tomb} wide low angle, a dark tomb opening flooded suddenly with bright light, a figure calling into the entrance",Lazarus come out,4,universal,kling,,"steady dramatic push toward the opening tomb entrance as light floods out, powerful momentum, natural realistic motion",dust
3,40,hero,wonder,"A man who has been dead four days walks out, still bound hand and foot in the cloth they buried him in.","{bethany_tomb} wide, a bound figure stepping forward out of a bright tomb entrance into daylight, linen wrappings trailing, a crowd frozen in astonishment",the dead man walks out,4,universal,kb,,,
3,41,hero,awe,"Unbind him, he says simply, and let him go.","{bethany_tomb} medium, hands working loose the linen wrappings from a freed man's arms, sunlight breaking across both figures",unbind him and let him go,3,universal,kb,,,
3,42,hero,awe,"So the sixth thing Jesus says about death is the loudest: he does not just describe where you go -- he claims the power to call you back. <break time=""1200ms"" />","{bethany_tomb} wide reverse, the empty tomb entrance glowing with late sunlight, the freed man's shadow stretching long across the ground toward the village",unbind him and let him go,3,universal,kb,,,
4,1,connective,teaching,"Not everyone welcomes what just happened at that tomb. Word travels fast, and so does opposition. <break time=""400ms"" />","{wedding_hall_empty} wide, a vast empty banquet hall with unlit lamps and folded linens stacked along a long table, dust hanging in still afternoon light throughout",opposition gathers quickly,3,universal,kb,,,dust
4,2,connective,teaching,Some religious leaders come to test him with a puzzle instead -- one they think has no good answer.,"{wedding_hall_empty} medium, a small group of officials standing at the entrance to the empty hall, formal robes catching low light",opposition gathers quickly,2,universal,kb,,,
4,3,connective,dread,"There is no resurrection, they say plainly -- so let's see him untangle this.","{wedding_hall_empty} close, a stern official's face mid-argument, dust hanging still in the afternoon light around him",a puzzle with no good answer,2,universal,kb,,,
4,4,connective,teaching,"Moses said, they begin, if a man dies childless, his brother must marry the widow.","{wedding_hall_empty} medium, a scroll unrolled across the long empty table, an official's finger tracing the text",a puzzle with no good answer,2,universal,kb,,,
4,5,connective,teaching,"So there were seven brothers, they say. The first married, and died childless.","{wedding_hall_empty} close, a single unlit lamp beside seven empty cups arranged in a row on the table",seven brothers one widow,1,universal,kb,,,
4,6,connective,teaching,The second brother married her. He died too.,"{wedding_hall_empty} close, a second empty cup pushed forward among the row, dust settled on its rim",seven brothers one widow,1,universal,kb,,,
4,7,connective,teaching,Then the third. Then the fourth. All the way through all seven.,"{wedding_hall_empty} wide, the full row of seven empty cups laid out across the long table, afternoon light crossing all of them",seven brothers one widow,2,universal,kb,,,
4,8,connective,dread,"Last of all, they say, the woman died too.","{wedding_hall_empty} medium, the hall's doors standing open onto daylight, the row of cups left untouched inside",seven brothers one widow,2,universal,kb,,,
4,9,hero,dread,"So whose wife will she be, at the resurrection? They ask it like a trap, because they think it is one. <break time=""700ms"" />","{wedding_hall_empty} close, the lead official's face, satisfied and expectant, waiting for an answer",whose wife at the resurrection,2,universal,kb,,,
4,10,hero,teaching,"Jesus tells them plainly: you are wrong, and it is because you understand neither the scriptures nor the power of God. <break time=""800ms"" />","{wedding_hall_empty} medium, a teacher standing at the head of the long empty table, calm and direct, low afternoon light through a high window",whose wife at the resurrection,3,universal,kling,,"slow subtle push toward the teacher's face as he answers, natural realistic movement, minimal drift",
4,11,connective,teaching,"At the resurrection, he says, people neither marry nor are given in marriage.","{wedding_hall_empty} wide, the row of empty cups left standing on the table, the officials' faces turned toward the teacher instead",neither marry nor given in marriage,2,universal,kb,,,
4,12,hero,wonder,"They are like the angels in heaven, he says. <break time=""900ms"" />","{angels_light} wide, tall figures of light standing at the edge of a bright threshold, softly radiant, warm gold light pooling at their feet",like the angels in heaven,3,universal,kb,,,
4,13,connective,teaching,Then he answers a bigger question they never actually asked.,"{angels_light} medium, a hand reaching toward the bright threshold, fingers just short of crossing, warm glow lighting the skin",God of the living,2,universal,kb,,,
4,14,connective,teaching,"Have you not read, he says, what God told Moses: I am the God of Abraham, Isaac, and Jacob?","{angels_light} close, an old scroll glimpsed at the edge of a threshold of light, ancient script catching a warm glow",God of the living,2,universal,kb,,,
4,15,hero,awe,"He is not the God of the dead, he says. He is the God of the living. <break time=""600ms"" />","{angels_light} wide reverse, the threshold of light widening against a darkening sky, figures resolving into brightness at its center",God of the living,3,universal,kling,,"slow steady reveal, camera drifting up toward the widening light, natural cinematic movement, minimal drift",
4,16,connective,awe,The crowd standing nearby is stunned into silence by his teaching.,"{wedding_hall_empty} medium, a small crowd gathered at the open doors, faces turned quiet and still toward the light beyond",God of the living,2,universal,kb,,,
4,17,hero,awe,"So the seventh thing Jesus says about death is this: what you become is not a smaller version of what you were -- it is a different kind of belonging entirely. <break time=""1000ms"" />","{angels_light} wide, the threshold of light standing full and steady, warm gold filling the whole frame",like the angels in heaven,3,universal,kb,,,
4,18,connective,teaching,"So if that is the destination, Jesus has one more hard thing to say about which road actually leads to it.","{wide_road_crowd} medium, travelers moving downhill along a well-worn road under bright open sky, dust rising under many feet",which road leads there,2,universal,kb,,,dust
4,19,hero,teaching,"Enter through the narrow gate, he says, plainly, to anyone listening. <break time=""700ms"" />","{narrow_gate} medium, a narrow gate set into a mud-brick wall at the edge of a hillside, a single figure approaching it alone",a narrow gate offered,2,universal,kb,,,
4,20,connective,dread,"Wide is the gate, he says, and broad is the road that leads to destruction.","{wide_road_crowd} wide, the crowded road stretching toward a distant low horizon beneath a vast open sky, travelers moving easily downhill in loose groups",which road leads there,3,universal,kb,,,
4,21,connective,dread,"And many, he says, go in through it.","{wide_road_crowd} close, sandaled feet moving easily along a well-worn stretch of road, dust rising with each step",which road leads there,1,universal,kb,,,
4,22,connective,teaching,"Narrow is the gate, he says, and hard is the road that leads to life.","{narrow_gate} close, a hand pressed flat against rough mud-brick beside a narrow gate, dust catching late light in the gap",a narrow gate offered,2,universal,kb,,,
4,23,hero,awe,"And only a few, he says, find it. <break time=""800ms"" />","{narrow_gate} wide, a single figure passing through a narrow gateway into a bright open space beyond, the wide crowded road visible far below",a narrow gate offered,3,universal,kling,,"slow subtle push through the gate opening toward the light beyond, natural realistic movement, minimal drift",
4,24,connective,teaching,He doesn't stop there -- he adds a way to tell which road you're actually on.,"{orchard_trees} wide, a hillside orchard in full leaf under bright open sky, dappled sunlight moving through the branches",known by their fruit,2,universal,kb,,,
4,25,connective,dread,"Watch for false guides, he says, who come to you looking harmless.","{orchard_trees} medium, a lone figure walking calmly beneath the trees, shadow patterns shifting across his path",known by their fruit,2,universal,kb,,,
4,26,connective,teaching,"You will know them, he says, by their fruit.","{orchard_trees} close, ripe fruit hanging heavy on a low branch, sunlight bright on its skin",known by their fruit,1,universal,kb,,,
4,27,connective,teaching,"A healthy tree bears good fruit, he says. A diseased tree bears bad fruit -- the difference always shows.","{orchard_trees} medium, two branches side by side, one heavy with fruit, the other bare and grey",known by their fruit,2,universal,kb,,,
4,28,connective,dread,"Every tree that fails to bear good fruit, he says, is cut down.","{orchard_trees} wide, a bare cut branch lying in the grass beneath a healthy tree, an axe resting nearby",known by their fruit,2,universal,kb,,,
4,29,connective,teaching,"Then he goes even further, past appearances into something harder to fake.","{orchard_trees} close, sunlight breaking fully through the canopy onto open ground below",not everyone who says Lord,2,universal,kb,,,
4,30,hero,teaching,"Not everyone who says to me, Lord, Lord, he says, will enter the kingdom of heaven. <break time=""900ms"" />","{narrow_gate} medium, a small group approaching a narrow gateway with confident, easy steps, evening light behind them",not everyone who says Lord,2,universal,kb,,,
4,31,connective,dread,"Many will say to me on that day: didn't we prophesy, cast out demons, do many mighty works in your name?","{narrow_gate} close, hands raised in confident appeal at the threshold of a narrow gate, dust catching the fading light",not everyone who says Lord,2,universal,kb,,,
4,32,hero,dread,"And I will tell them plainly: I never really knew you. Depart from me. <break time=""600ms"" />","{narrow_gate} close three-quarter profile, a calm, final expression turned toward the confident group at the gate",not everyone who says Lord,3,universal,kb,,,
4,33,connective,teaching,This is not difficulty for its own sake. It is a warning about which direction you are actually walking today.,"{narrow_gate} medium, the narrow gateway seen from inside, framing a distant view of the crowded road far below and behind",which road leads there,2,universal,kb,,,
4,34,connective,awe,"Only a few find the narrow gate, he said -- but he never once said it was hidden.","{narrow_gate} extreme wide, the gate standing open in plain daylight at the edge of a well-worn path, the entire landscape visible leading directly to it",a narrow gate offered,3,universal,kb,,,
4,35,hero,awe,"So the eighth thing Jesus says about death is this: the road you are on now is already an answer to the question, whether you meant it to be or not. <break time=""1000ms"" />","{narrow_gate} wide reverse, the gate standing open at dusk, one road narrow and climbing, the other wide and falling away into shadow",which road leads there,3,universal,kb,,,
5,1,hero,teaching,"Jesus also told them plainly what all of this adds up to -- not a private moment at the end, but a public reckoning. <break time=""700ms"" />","{judgment_throne} wide, a raised throne on wide stone steps facing an open plain, multitudes gathered below as the light fails toward evening",not a private ending,3,universal,kb,,,
5,2,connective,teaching,"When the Son of Man comes in his glory, he said, and all the angels with him, he will sit on his throne.","{judgment_throne} medium low angle, a throne catching the last hard light of day, tall figures of light gathering at its sides",the Son of Man arrives in glory,3,universal,kb,,,
5,3,connective,awe,"All the nations will be gathered before him, he said -- everyone, at once.","{judgment_throne} wide, crowds pressing forward across a vast open plain toward a raised throne, long shadows stretching from the steps across the whole scene",all nations gathered,3,universal,kb,,,
5,4,hero,wonder,"And he will separate them, he said, the way a shepherd separates sheep from goats. <break time=""800ms"" />","{sheep_goats} wide, two flocks dividing on an open hillside, sheep moving to one side and goats to the other, a shepherd standing at the point of division",sheep separated from goats,3,universal,kling,,"slow steady wide pan following the flocks as they separate, natural cinematic movement",
5,5,connective,teaching,The sheep go to his right. The goats go to his left.,"{sheep_goats} medium, sheep gathering calmly on one side of a hillside path, goats moving apart to the other",sheep separated from goats,2,universal,kb,,,
5,6,connective,teaching,Nobody chooses which side in that moment -- the sorting has already happened by then.,"{sheep_goats} close, dust settling between two divided groups on a hillside path, evening light low across both",sheep separated from goats,2,universal,kb,,,dust
5,7,hero,wonder,"To the ones on his right he says: come, you who are blessed, inherit what was prepared for you. <break time=""900ms"" />","{sheep_goats} medium, a warm gathered group at the right side of a hillside, faces lifted toward approaching light",the blessed are welcomed,2,universal,kb,,,
5,8,connective,teaching,"I was hungry, he says, and you gave me food.","{sheep_goats} close, hands passing bread across a low wall at dusk, warm lamplight catching the exchange",six things done for him,1,universal,kb,,,
5,9,connective,teaching,"I was thirsty, and you gave me something to drink.","{sheep_goats} close, a clay cup tipped to a stranger's lips at a well, water catching the last light",six things done for him,1,universal,kb,,,
5,10,connective,teaching,"I was a stranger, and you welcomed me in.","{sheep_goats} medium, an open door and a hand extended toward a traveler on a dusty threshold",six things done for him,2,universal,kb,,,
5,11,connective,teaching,"I was naked, and you gave me clothes.","{sheep_goats} close, a woven cloak settled over a stranger's shoulders, dust brushed away in the same motion",six things done for him,1,universal,kb,,,
5,12,connective,grief,"I was sick, and you came to visit me.","{sheep_goats} medium, a hand resting gently on a fevered forehead by lamplight, a bowl of water beside the bed",six things done for him,2,universal,kb,,,
5,13,connective,grief,"I was in prison, and you came to see me there.","{sheep_goats} close, a hand reaching through iron bars toward a visitor's hand, torchlight flickering along the stone",six things done for him,2,universal,kb,,,
5,14,connective,wonder,"They ask him, honestly confused: Lord, when did we ever see you like that?","{sheep_goats} medium, puzzled faces turned upward, genuine confusion in their expressions",when did we see you,2,universal,kb,,,
5,15,hero,awe,"He answers: whatever you did for the least of these, you did it for me. <break time=""600ms"" />","{judgment_throne} wide reverse, the throne steps at last light, the blessed group gathered warm and close below",when did we see you,3,universal,kling,,"slow subtle push toward the throne as the answer lands, natural realistic movement, minimal drift",
5,16,connective,dread,"Then he turns to the other side, and the mirror is exact.","{sheep_goats} wide, the goats gathered on the left side of the hillside, evening shadow falling across the group",the mirror on the left,2,universal,kb,,,
5,17,connective,dread,"I was hungry, he says, and you offered me nothing. Thirsty, and you turned away.","{sheep_goats} close, an empty table and an untouched cup left standing in shadow",the mirror on the left,2,universal,kb,,,
5,18,connective,dread,"A stranger, and the door stayed shut. Naked, sick, in prison -- and you stayed away.","{sheep_goats} medium, a closed door in deep shadow, a distant fevered figure glimpsed alone through a small window",the mirror on the left,2,universal,kb,,,
5,19,connective,dread,"They ask the same honest question, and get the same exact answer, reversed.","{sheep_goats} close, faces on the left side turned upward, the same puzzled confusion as the group on the right",the mirror on the left,2,universal,kb,,,
5,20,hero,awe,"So the ninth thing Jesus says about death is this: the reckoning is not a mystery test. It is made of things you already knew how to do. <break time=""1000ms"" />","{judgment_throne} wide reverse, the throne steps at last light, the two gathered groups visible below, one lit warm and one falling into shadow",the mirror on the left,3,universal,kb,,,
5,21,connective,teaching,Jesus told one more story to make sure the point about readiness landed all the way.,"{barns_bursting} wide, wooden granaries and storage barns under a darkening sky, torchlight moving between overfull sacks of grain",one more story about readiness,2,universal,kb,,,
5,22,connective,teaching,It starts with someone in the crowd making an odd request.,"{barns_bursting} medium, a figure stepping forward from a small gathered crowd at dusk, torchlight catching his face",an inheritance request,2,universal,kb,,,
5,23,connective,teaching,"Teacher, the man says, tell my brother to divide our father's inheritance with me.","{barns_bursting} close, two brothers facing each other by torchlight, tension held in their posture",an inheritance request,2,universal,kb,,,
5,24,hero,teaching,"Jesus's answer is almost blunt: man, who appointed me a judge over you? <break time=""700ms"" />","{barns_bursting} close three-quarter profile, a calm, direct expression turned toward the two brothers",not a judge over you,2,universal,kb,,,
5,25,connective,teaching,Then he turns to the whole crowd with a warning.,"{barns_bursting} wide, the teacher facing a gathered crowd at dusk, torchlight flickering across attentive faces",watch out for greed,2,universal,kb,,,
5,26,connective,teaching,"Watch out, he says. Be on guard against every kind of greed.","{barns_bursting} medium, a raised hand catching torchlight, an unhurried, deliberate gesture",watch out for greed,1,universal,kb,,,
5,27,connective,teaching,"A person's life, he says, does not consist in how much they own.","{barns_bursting} close, an open hand held out empty and steady against the dark",watch out for greed,2,universal,kb,,,
5,28,connective,teaching,Then he tells the story about a farmer whose land produced more than he knew what to do with.,"{barns_bursting} wide, sacks of grain stacked high against the barn walls, torchlight warm against the piled harvest",a farmer's land overflows,2,universal,kb,,,
5,29,connective,teaching,The farmer thinks to himself: what should I do? I have nowhere to store this harvest.,"{barns_bursting} medium, a figure standing among overfull sacks, hand pressed thoughtfully to his chin",a farmer's land overflows,2,universal,kb,,,
5,30,hero,wonder,"I know, he says to himself. I will tear down my barns and build bigger ones. <break time=""800ms"" />","{barns_bursting} wide, hands stacking grain sacks higher against a barn wall by torchlight, sweat and dust on bare forearms",barns torn down for bigger ones,2,universal,kling,,"slow subtle push toward the stacking hands, natural realistic movement, minimal drift",dust
5,31,connective,teaching,"There I will store all my grain, he says, and all my goods.","{barns_bursting} close, a hand sliding a heavy bar across newly built barn doors, torchlight catching the fresh wood",barns torn down for bigger ones,2,universal,kb,,,
5,32,connective,wonder,And I will say to myself: you have plenty of good things laid up for many years.,"{barns_bursting} wide, a figure standing satisfied among towering stacked grain under a vast clear night sky thick with stars",barns torn down for bigger ones,3,universal,kb,,,
5,33,connective,wonder,"Take life easy, he tells himself. Eat, drink, and be merry.","{barns_bursting} medium, a cup raised in quiet celebration by torchlight, stars visible through the open barn door",barns torn down for bigger ones,2,universal,kb,,,
5,34,hero,dread,"But God says to him: you fool. <break time=""900ms"" />","{night_stars_soul} close, a figure's face turned up toward a vast night sky, torchlight guttering out beside him",God speaks that night,3,universal,kb,,,
5,35,hero,dread,"This very night, God says, <break time=""1000ms"" /> your soul is required of you.","{night_stars_soul} wide, stars sharp and cold overhead, the figure small against the full weight of the sky",God speaks that night,4,universal,kling,,"slow steady pull back revealing the full night sky above the figure, powerful natural movement, minimal drift",
5,36,connective,teaching,Then who will get what you have prepared? he asks.,"{night_stars_soul} wide, the barns and full sacks left standing dark and quiet under starlight",God speaks that night,3,universal,kb,,,
5,37,hero,awe,"So the tenth thing Jesus says about death is the one that matters most: nobody is promised the years they are planning around. <break time=""1200ms"" />","{night_stars_soul} medium, a single lamp left burning low beside untouched grain sacks in the dark",God speaks that night,2,universal,kb,,,
5,38,hero,awe,"That is what the thief on the cross understood in the last hour he had left. <break time=""600ms"" />","{golgotha_cross} close, a dying man's face lit by breaking gold light against a darkening sky, the same shaft of sun from the film's opening",what the thief understood,3,universal,kb,,,
5,39,connective,teaching,"He had no barns to fill, no five-year plan, no time left to build one.","{golgotha_cross} medium, wrists resting slack against splintered wood, all strength already spent",what the thief understood,2,universal,kb,,,
5,40,hero,awe,And it is exactly why the answer he got was today.,"{golgotha_cross} wide, gold light widening across the hill, the answer already spoken and already true",what the thief understood,3,universal,kb,,,
5,41,hero,awe,"Ten answers, one thread running through all of them: the soul survives, the gulf is real but so is the door, and the door is open now.","{gate_of_glory} wide, an immense gate standing open at the crest of a hill, brilliant light beginning to spill through it onto the landscape below",one thread through ten answers,4,universal,kb,,,
5,42,connective,teaching,Not later. Not once you've earned it. Not after you've built the barns.,"{gate_of_glory} medium, a distant figure's silhouette walking toward the gate, warm light widening through the opening, the road below just visible in the glow",one thread through ten answers,3,universal,kb,,,
5,43,hero,dread,The gate does not stay open forever.,"{gate_of_glory} close, the edge of the gate's stone frame catching the last of the widening light",the gate will not stay open,3,universal,kb,,,
5,44,hero,awe,"But for as long as it is open <break time=""800ms"" /> -- it is open today. <break time=""1500ms"" />","{gate_of_glory} wide, an immense gate standing fully open at the crest of a hill, full-width brilliant light pouring through it onto the landscape below, the wide road and the narrow gate both visible far beneath",the gate will not stay open,5,universal,kling,,"slow steady pull back revealing the entire gate and landscape at once, powerful final reveal, natural cinematic movement",
